INSERT INTO BuuCuc VALUES 
(N'BC001',N'Bưu cục Hà Nội',N'123 Kim Mã, Hà Nội',N'Trung tâm'),
(N'BC002',N'Bưu cục Hải Dương',N'12 Trần Phú, Hải Dương',N'Trung chuyển'),
(N'BC003',N'Bưu cục Hải Phòng',N'33 Cầu Đất, Hải Phòng',N'Trung chuyển'),
(N'BC004',N'Bưu cục Đà Nẵng',N'45 Nguyễn Huệ, Đà Nẵng',N'Trung tâm'),
(N'BC005',N'Bưu cục TP.HCM',N'22 Lý Thường Kiệt, TP.HCM',N'Trung tâm'),
(N'BC006',N'Bưu cục Cần Thơ',N'33 Trần Phú, Cần Thơ',N'Trung tâm'),
(N'BC007',N'Bưu cục Nha Trang',N'44 Nguyễn Huệ, Nha Trang',N'Trung chuyển'),
(N'BC008',N'Bưu cục Huế',N'55 Lý Thường Kiệt, Huế',N'Trung chuyển'),
(N'BC009',N'Bưu cục Vinh',N'66 Hai Bà Trưng, Vinh',N'Trung chuyển'),
(N'BC010',N'Bưu cục Buôn Ma Thuột',N'77 Trần Phú, Buôn Ma Thuột',N'Trung chuyển');

INSERT INTO Chuyen_Kien VALUES 
(N'CV001',N'KHN001'),
(N'CV001',N'KHN002'),
(N'CV003',N'KHN003'),
(N'CV004',N'KHN004'),
(N'CV004',N'KHN005'),
(N'CV005',N'KHN006'),
(N'CV006',N'KHN007'),
(N'CV007',N'KHN008'),
(N'CV007',N'KHN009'),
(N'CV008',N'KHN010'),
(N'CV009',N'KHN011'),
(N'CV009',N'KHN012'),
(N'CV010',N'KHN013'),
(N'CV002',N'KHN014');

INSERT INTO ChuyenVanChuyen VALUES 
(N'CV001',N'2025-10-01 07:30:00',N'2025-10-01 09:10:00',N'PT001',N'BC002',N'BC001'),
(N'CV002',N'2025-10-01 10:00:00',N'2025-10-02 00:15:00',N'PT002',N'BC003',N'BC002'),
(N'CV003',N'2025-10-02 06:45:00',N'2025-10-02 20:30:00',N'PT003',N'BC004',N'BC001'),
(N'CV004',N'2025-10-03 08:00:00',N'2025-10-03 11:45:00',N'PT004',N'BC008',N'BC004'),
(N'CV005',N'2025-10-04 07:00:00',N'2025-10-04 14:30:00',N'PT005',N'BC007',N'BC004'),
(N'CV006',N'2025-10-05 06:30:00',N'2025-10-05 18:00:00',N'PT001',N'BC005',N'BC007'),
(N'CV007',N'2025-10-06 09:00:00',N'2025-10-06 16:45:00',N'PT002',N'BC006',N'BC005'),
(N'CV008',N'2025-10-07 05:45:00',N'2025-10-07 13:10:00',N'PT003',N'BC010',N'BC005'),
(N'CV009',N'2025-10-07 22:00:00',N'2025-10-08 06:15:00',N'PT004',N'BC009',N'BC004'),
(N'CV010',N'2025-10-08 09:30:00',N'2025-10-08 15:20:00',N'PT006',N'BC001',N'BC009');

INSERT INTO DonHang VALUES 
(N'DH001',N'10 Láng Hạ, Hà Nội',N'0911111111',N'22 Lý Thường Kiệt, TP.HCM',N'0905555555',N'2025-11-09',N'Nhanh',500000,30000,N'Đã Giao',N'KH001'),
(N'DH002',N'10 Láng Hạ, Hà Nội',N'0911111111',N'33 Cầu Đất, Hải Phòng',N'0903333333',N'2025-11-09',N'Thuong',200000,15000,N'Dang van chuyen',N'KH001'),
(N'DH003',N'25 Trần Phú, Hải Dương',N'0912222222',N'44 Lê Lợi, Hà Nội',N'0906666666',N'2025-11-09',N'Nhanh',350000,20000,N'Dang van chuyen',N'KH002'),
(N'DH004',N'33 Cầu Đất, Hải Phòng',N'0913333333',N'55 Lý Thường Kiệt, Huế',N'0918888888',N'2025-11-09',N'Nhanh',400000,25000,N'Dang van chuyen',N'KH003'),
(N'DH005',N'33 Cầu Đất, Hải Phòng',N'0913333333',N'66 Hai Bà Trưng, Vinh',N'0919999999',N'2025-11-09',N'Thuong',150000,10000,N'Dang van chuyen',N'KH003'),
(N'DH006',N'33 Cầu Đất, Hải Phòng',N'0913333333',N'77 Trần Phú, Buôn Ma Thuột',N'0920000000',N'2025-11-09',N'Nhanh',250000,15000,N'Dang van chuyen',N'KH003'),
(N'DH007',N'45 Nguyễn Huệ, Đà Nẵng',N'0914444444',N'33 Cầu Đất, Hải Phòng',N'0903333333',N'2025-11-09',N'Nhanh',300000,20000,N'Dang van chuyen',N'KH004'),
(N'DH008',N'22 Lý Thường Kiệt, TP.HCM',N'0915555555',N'10 Láng Hạ, Hà Nội',N'0911111111',N'2025-11-09',N'Thuong',450000,25000,N'Dang van chuyen',N'KH005'),
(N'DH009',N'77 Trần Phú, Cần Thơ',N'0916666666',N'45 Nguyễn Huệ, Đà Nẵng',N'0914444444',N'2025-11-09',N'Nhanh',300000,20000,N'Dang van chuyen',N'KH006'),
(N'DH010',N'44 Nguyễn Huệ, Nha Trang',N'0917777777',N'22 Lý Thường Kiệt, TP.HCM',N'0915555555',N'2025-11-09',N'Thuong',200000,15000,N'Dang van chuyen',N'KH007');

INSERT INTO GiaoHang VALUES 
(N'GH001',N'2025-11-10 09:00:00',N'Đã Giao',N'NVGH001',N'DH001');

INSERT INTO KhachHang VALUES 
(N'KH001',N'Nguyễn Văn A',N'0911111111',N'10 Láng Hạ, Hà Nội',N'a@gmail.com'),
(N'KH002',N'Trần Thị B',N'0912222222',N'25 Trần Phú, Hải Dương',N'b@gmail.com'),
(N'KH003',N'Lê Văn C',N'0913333333',N'33 Cầu Đất, Hải Phòng',N'c@gmail.com'),
(N'KH004',N'Phạm Thị D',N'0914444444',N'45 Nguyễn Huệ, Đà Nẵng',N'd@gmail.com'),
(N'KH005',N'Hoàng Văn E',N'0915555555',N'22 Lý Thường Kiệt, TP.HCM',N'e@gmail.com'),
(N'KH006',N'Nguyễn Thị F',N'0916666666',N'77 Trần Phú, Cần Thơ',N'f@gmail.com'),
(N'KH007',N'Trần Văn G',N'0917777777',N'44 Nguyễn Huệ, Nha Trang',N'g@gmail.com'),
(N'KH008',N'Lê Thị H',N'0918888888',N'55 Lý Thường Kiệt, Huế',N'h@gmail.com'),
(N'KH009',N'Phạm Minh I',N'0919999999',N'66 Hai Bà Trưng, Vinh',N'i@gmail.com'),
(N'KH010',N'Hoàng Thị J',N'0920000000',N'77 Trần Phú, Buôn Ma Thuột',N'j@gmail.com');

INSERT INTO KienHang VALUES 
(N'KHN001',2.5,10,N'DH001'),
(N'KHN002',1.2,5,N'DH001'),
(N'KHN003',3,12,N'DH002'),
(N'KHN004',0.8,4,N'DH003'),
(N'KHN005',1.5,6,N'DH003'),
(N'KHN006',2,8,N'DH004'),
(N'KHN007',1,5,N'DH005'),
(N'KHN008',0.5,3,N'DH006'),
(N'KHN009',2.3,9,N'DH006'),
(N'KHN010',1.2,6,N'DH007'),
(N'KHN011',1,4,N'DH008'),
(N'KHN012',2.5,10,N'DH008'),
(N'KHN013',3,12,N'DH009'),
(N'KHN014',0.8,4,N'DH010');

INSERT INTO LoaiSanPham VALUES 
(N'LS001',N'Thư tín'),
(N'LS002',N'Tài liệu'),
(N'LS003',N'Hàng hóa thông thường'),
(N'LS004',N'Hàng dễ vỡ'),
(N'LS005',N'Hàng giá trị cao'),
(N'LS006',N'Thực phẩm khô'),
(N'LS007',N'Đồ điện tử'),
(N'LS008',N'Sách & văn phòng phẩm'),
(N'LS009',N'Mỹ phẩm');

INSERT INTO NhanVien VALUES 
(N'NVBC001',N'Nguyễn Văn A',N'0901111111',N'Số 1 phố Trần Hưng Đạo, Hà Nội',N'vana@gmail.com'),
(N'NVBC002',N'Trần Thị B',N'0902222222',N'Số 5 đường Nguyễn Trãi, Hải Dương',N'thib@gmail.com'),
(N'NVBC003',N'Lê Văn C',N'0903333333',N'Số 12 Lạch Tray, Hải Phòng',N'levc@gmail.com'),
(N'NVBC004',N'Phạm Thị D',N'0904444444',N'Số 9 Bạch Đằng, Đà Nẵng',N'ptd@gmail.com'),
(N'NVBC005',N'Hoàng Văn E',N'0905555555',N'Số 15 Nguyễn Thị Minh Khai, TP.HCM',N'hve@gmail.com'),
(N'NVGH001',N'Nguyễn Văn K',N'0921111111',N'Số 50 Láng Hạ, Hà Nội',N'nvk@gmail.com'),
(N'NVGH002',N'Trần Thị L',N'0922222222',N'Số 12 Nguyễn Du, Hải Dương',N'ttl@gmail.com'),
(N'NVGH003',N'Lê Văn M',N'0923333333',N'Số 7 Cầu Đất, Hải Phòng',N'lvm@gmail.com'),
(N'NVGH004',N'Phạm Minh N',N'0924444444',N'Số 15 Nguyễn Văn Linh, Đà Nẵng',N'pmn@gmail.com'),
(N'NVGH005',N'Hoàng Thị O',N'0925555555',N'Số 20 Lý Thường Kiệt, TP.HCM',N'hto@gmail.com'),
(N'NVVC001',N'Nguyễn Văn F',N'0911111111',N'Số 20 Trần Duy Hưng, Hà Nội',N'nvf@gmail.com'),
(N'NVVC002',N'Trần Thị G',N'0912222222',N'Số 8 Trần Hưng Đạo, Hải Dương',N'ttg@gmail.com'),
(N'NVVC003',N'Lê Văn H',N'0913333333',N'Số 30 Lạch Tray, Hải Phòng',N'lvh@gmail.com'),
(N'NVVC004',N'Phạm Minh I',N'0914444444',N'Số 22 Phan Chu Trinh, Đà Nẵng',N'pmi@gmail.com'),
(N'NVVC005',N'Hoàng Thị J',N'0915555555',N'Số 11 Nguyễn Văn Cừ, TP.HCM',N'htj@gmail.com');

INSERT INTO NhanVienBuuCuc VALUES 
(N'NVBC001',N'BC001'),
(N'NVBC002',N'BC002'),
(N'NVBC003',N'BC003'),
(N'NVBC004',N'BC004'),
(N'NVBC005',N'BC005');

INSERT INTO NhanVienGiaoHang VALUES 
(N'NVGH001'),
(N'NVGH002'),
(N'NVGH003'),
(N'NVGH004'),
(N'NVGH005');

INSERT INTO NhanVienVanChuyen VALUES 
(N'NVVC001',N'PT001'),
(N'NVVC002',N'PT002'),
(N'NVVC003',N'PT003'),
(N'NVVC004',N'PT004'),
(N'NVVC005',N'PT005');

INSERT INTO PhuongTien VALUES 
(N'PT001',N'30A-12345',1000),
(N'PT002',N'30B-67890',800),
(N'PT003',N'30C-54321',1200),
(N'PT004',N'30D-98765',900),
(N'PT005',N'30E-11223',1500),
(N'PT006',N'30F-44556',1100),
(N'PT007',N'30G-77889',950),
(N'PT008',N'30H-33445',1000),
(N'PT009',N'30I-55667',1200),
(N'PT010',N'30J-88990',800);

INSERT INTO SanPham VALUES 
(N'SP001',N'Điện thoại Samsung A55',1,0.5,2,N'KHN001',N'LS007'),
(N'SP002',N'Tai nghe Bluetooth',2,0.2,1,N'KHN001',N'LS007'),
(N'SP003',N'Áo sơ mi nam',3,0.8,3,N'KHN002',N'LS003'),
(N'SP004',N'Quần jean',2,0.4,2,N'KHN002',N'LS003'),
(N'SP005',N'Nồi cơm điện Sharp',1,3,12,N'KHN003',N'LS007'),
(N'SP006',N'Sách “Dám nghĩ lớn”',2,0.5,2,N'KHN004',N'LS008'),
(N'SP007',N'Tập vở học sinh',5,0.3,2,N'KHN004',N'LS008'),
(N'SP008',N'Bộ ly thủy tinh cao cấp',1,1.5,6,N'KHN005',N'LS004'),
(N'SP009',N'Set mỹ phẩm skincare Hàn Quốc',4,2,8,N'KHN006',N'LS009'),
(N'SP010',N'Đồng hồ thông minh Amazfit',1,1,5,N'KHN007',N'LS007'),
(N'SP011',N'Hộp sữa Ensure 850g',2,1,4,N'KHN008',N'LS006'),
(N'SP012',N'Thùng mì Hảo Hảo',1,2.3,9,N'KHN009',N'LS006'),
(N'SP013',N'Đồ chơi Lego Classic 11005',1,1.2,6,N'KHN010',N'LS003'),
(N'SP014',N'Thư tay gửi đối tác',10,1,4,N'KHN011',N'LS001'),
(N'SP015',N'Laptop Dell Inspiron 14',1,2.5,10,N'KHN012',N'LS007'),
(N'SP016',N'Máy xay sinh tố Philips',1,3,12,N'KHN013',N'LS007'),
(N'SP017',N'Bộ sách thiếu nhi',4,0.8,4,N'KHN014',N'LS008');

INSERT INTO SuKienVanHanh VALUES 
(N'SK001',N'Đến bưu cục Hà Nội',N'2025-11-09 08:00:00',N'KHN001',N'NVBC001'),
(N'SK002',N'Phân loại',N'2025-11-09 08:30:00',N'KHN001',N'NVBC001'),
(N'SK003',N'Rời bưu cục Hà Nội',N'2025-11-09 09:00:00',N'KHN001',N'NVBC001'),
(N'SK004',N'Đến bưu cục Đà Nẵng',N'2025-11-09 19:00:00',N'KHN001',N'NVBC004'),
(N'SK005',N'Phân loại',N'2025-11-09 19:30:00',N'KHN001',N'NVBC004'),
(N'SK006',N'Rời bưu cục Đà Nẵng',N'2025-11-09 20:00:00',N'KHN001',N'NVBC004'),
(N'SK007',N'Đến bưu cục TP.HCM',N'2025-11-10 08:00:00',N'KHN001',N'NVBC005'),
(N'SK010',N'Đến bưu cục Hà Nội',N'2025-11-09 08:10:00',N'KHN002',N'NVBC001'),
(N'SK011',N'Phân loại',N'2025-11-09 08:40:00',N'KHN002',N'NVBC001'),
(N'SK012',N'Rời bưu cục Hà Nội',N'2025-11-09 09:10:00',N'KHN002',N'NVBC001'),
(N'SK013',N'Đến bưu cục Đà Nẵng',N'2025-11-09 19:10:00',N'KHN002',N'NVBC004'),
(N'SK014',N'Phân loại',N'2025-11-09 19:40:00',N'KHN002',N'NVBC004'),
(N'SK015',N'Rời bưu cục Đà Nẵng',N'2025-11-09 20:10:00',N'KHN002',N'NVBC004'),
(N'SK016',N'Đến bưu cục TP.HCM',N'2025-11-10 08:10:00',N'KHN002',N'NVBC005');

INSERT INTO ThanhToan VALUES 
(N'TT001',530000,N'Tiền mặt',N'2025-11-10',N'Đã thanh toán',N'DH001');

INSERT INTO LoaiSanPham (MaLoai, TenLoai) VALUES
('LS001', N'Thư tín'),
('LS002', N'Tài liệu'),
('LS003', N'Hàng hóa thông thường'),
('LS004', N'Hàng dễ vỡ'),
('LS005', N'Hàng giá trị cao'),
('LS006', N'Thực phẩm khô'),
('LS007', N'Đồ điện tử'),
('LS008', N'Sách & văn phòng phẩm'),
('LS009', N'Mỹ phẩm');

INSERT INTO CuocPhi VALUES 
(N'Chuẩn', N'Nội tỉnh', 0.25, 5000, 'LS001'),
(N'Chuẩn', N'Nội tỉnh', 0.5, 10000, 'LS001'),
(N'Chuẩn', N'Nội tỉnh', 1, 12000, 'LS001'),
(N'Chuẩn', N'Nội tỉnh', 2, 15000, 'LS001'),
(N'Chuẩn', N'Nội tỉnh', 3, 18000, 'LS001'),
(N'Chuẩn', N'Nội tỉnh', 5, 22000, 'LS001'),
(N'Chuẩn', N'Nội tỉnh', 7, 26000, 'LS001'),
(N'Chuẩn', N'Nội tỉnh', 10, 32000, 'LS001'),
(N'Chuẩn', N'Nội tỉnh', 15, 40000, 'LS001'),
(N'Chuẩn', N'Liên tỉnh miền Bắc', 0.25, 9000, 'LS001'),
(N'Chuẩn', N'Liên tỉnh miền Bắc', 0.5, 18000, 'LS001'),
(N'Chuẩn', N'Liên tỉnh miền Bắc', 1, 22000, 'LS001'),
(N'Chuẩn', N'Liên tỉnh miền Bắc', 2, 28000, 'LS001'),
(N'Chuẩn', N'Liên tỉnh miền Bắc', 3, 34000, 'LS001'),
(N'Chuẩn', N'Liên tỉnh miền Bắc', 5, 42000, 'LS001'),
(N'Chuẩn', N'Liên tỉnh miền Bắc', 7, 50000, 'LS001'),
(N'Chuẩn', N'Liên tỉnh miền Bắc', 10, 60000, 'LS001'),
(N'Chuẩn', N'Liên tỉnh miền Bắc', 15, 72000, 'LS001'),
(N'Chuẩn', N'Liên tỉnh miền Trung', 0.25, 10000, 'LS001'),
(N'Chuẩn', N'Liên tỉnh miền Trung', 0.5, 20000, 'LS001'),
(N'Chuẩn', N'Liên tỉnh miền Trung', 1, 24000, 'LS001'),
(N'Chuẩn', N'Liên tỉnh miền Trung', 2, 30000, 'LS001'),
(N'Chuẩn', N'Liên tỉnh miền Trung', 3, 36000, 'LS001'),
(N'Chuẩn', N'Liên tỉnh miền Trung', 5, 45000, 'LS001'),
(N'Chuẩn', N'Liên tỉnh miền Trung', 7, 54000, 'LS001'),
(N'Chuẩn', N'Liên tỉnh miền Trung', 10, 65000, 'LS001'),
(N'Chuẩn', N'Liên tỉnh miền Trung', 15, 78000, 'LS001'),
(N'Chuẩn', N'Liên tỉnh miền Nam', 0.25, 11000, 'LS001'),
(N'Chuẩn', N'Liên tỉnh miền Nam', 0.5, 22000, 'LS001'),
(N'Chuẩn', N'Liên tỉnh miền Nam', 1, 26000, 'LS001'),
(N'Chuẩn', N'Liên tỉnh miền Nam', 2, 32000, 'LS001'),
(N'Chuẩn', N'Liên tỉnh miền Nam', 3, 38000, 'LS001'),
(N'Chuẩn', N'Liên tỉnh miền Nam', 5, 48000, 'LS001'),
(N'Chuẩn', N'Liên tỉnh miền Nam', 7, 58000, 'LS001'),
(N'Chuẩn', N'Liên tỉnh miền Nam', 10, 70000, 'LS001'),
(N'Chuẩn', N'Liên tỉnh miền Nam', 15, 85000, 'LS001'),
(N'Nhanh', N'Nội tỉnh', 0.25, 7500, 'LS001'),
(N'Nhanh', N'Nội tỉnh', 0.5, 15000, 'LS001'),
(N'Nhanh', N'Nội tỉnh', 1, 18000, 'LS001'),
(N'Nhanh', N'Nội tỉnh', 2, 22500, 'LS001'),
(N'Nhanh', N'Nội tỉnh', 3, 27000, 'LS001'),
(N'Nhanh', N'Nội tỉnh', 5, 33000, 'LS001'),
(N'Nhanh', N'Nội tỉnh', 7, 39000, 'LS001'),
(N'Nhanh', N'Nội tỉnh', 10, 48000, 'LS001'),
(N'Nhanh', N'Nội tỉnh', 15, 60000, 'LS001'),
(N'Nhanh', N'Liên tỉnh miền Bắc', 0.25, 13500, 'LS001'),
(N'Nhanh', N'Liên tỉnh miền Bắc', 0.5, 27000, 'LS001'),
(N'Nhanh', N'Liên tỉnh miền Bắc', 1, 33000, 'LS001'),
(N'Nhanh', N'Liên tỉnh miền Bắc', 2, 42000, 'LS001'),
(N'Nhanh', N'Liên tỉnh miền Bắc', 3, 51000, 'LS001'),
(N'Nhanh', N'Liên tỉnh miền Bắc', 5, 63000, 'LS001'),
(N'Nhanh', N'Liên tỉnh miền Bắc', 7, 75000, 'LS001'),
(N'Nhanh', N'Liên tỉnh miền Bắc', 10, 90000, 'LS001'),
(N'Nhanh', N'Liên tỉnh miền Bắc', 15, 108000, 'LS001'),
(N'Nhanh', N'Liên tỉnh miền Trung', 0.25, 15000, 'LS001'),
(N'Nhanh', N'Liên tỉnh miền Trung', 0.5, 30000, 'LS001'),
(N'Nhanh', N'Liên tỉnh miền Trung', 1, 36000, 'LS001'),
(N'Nhanh', N'Liên tỉnh miền Trung', 2, 45000, 'LS001'),
(N'Nhanh', N'Liên tỉnh miền Trung', 3, 54000, 'LS001'),
(N'Nhanh', N'Liên tỉnh miền Trung', 5, 67500, 'LS001'),
(N'Nhanh', N'Liên tỉnh miền Trung', 7, 81000, 'LS001'),
(N'Nhanh', N'Liên tỉnh miền Trung', 10, 97500, 'LS001'),
(N'Nhanh', N'Liên tỉnh miền Trung', 15, 117000, 'LS001'),
(N'Nhanh', N'Liên tỉnh miền Nam', 0.25, 16500, 'LS001'),
(N'Nhanh', N'Liên tỉnh miền Nam', 0.5, 33000, 'LS001'),
(N'Nhanh', N'Liên tỉnh miền Nam', 1, 39000, 'LS001'),
(N'Nhanh', N'Liên tỉnh miền Nam', 2, 48000, 'LS001'),
(N'Nhanh', N'Liên tỉnh miền Nam', 3, 57000, 'LS001'),
(N'Nhanh', N'Liên tỉnh miền Nam', 5, 72000, 'LS001'),
(N'Nhanh', N'Liên tỉnh miền Nam', 7, 87000, 'LS001'),
(N'Nhanh', N'Liên tỉnh miền Nam', 10, 105000, 'LS001'),
(N'Nhanh', N'Liên tỉnh miền Nam', 15, 127500, 'LS001'),
(N'Siêu tốc', N'Nội tỉnh', 0.25, 10000, 'LS001'),
(N'Siêu tốc', N'Nội tỉnh', 0.5, 20000, 'LS001'),
(N'Siêu tốc', N'Nội tỉnh', 1, 24000, 'LS001'),
(N'Siêu tốc', N'Nội tỉnh', 2, 30000, 'LS001'),
(N'Siêu tốc', N'Nội tỉnh', 3, 36000, 'LS001'),
(N'Siêu tốc', N'Nội tỉnh', 5, 44000, 'LS001'),
(N'Siêu tốc', N'Nội tỉnh', 7, 52000, 'LS001'),
(N'Siêu tốc', N'Nội tỉnh', 10, 64000, 'LS001'),
(N'Siêu tốc', N'Nội tỉnh', 15, 80000, 'LS001'),
(N'Siêu tốc', N'Liên tỉnh miền Bắc', 0.25, 18000, 'LS001'),
(N'Siêu tốc', N'Liên tỉnh miền Bắc', 0.5, 36000, 'LS001'),
(N'Siêu tốc', N'Liên tỉnh miền Bắc', 1, 44000, 'LS001'),
(N'Siêu tốc', N'Liên tỉnh miền Bắc', 2, 56000, 'LS001'),
(N'Siêu tốc', N'Liên tỉnh miền Bắc', 3, 68000, 'LS001'),
(N'Siêu tốc', N'Liên tỉnh miền Bắc', 5, 84000, 'LS001'),
(N'Siêu tốc', N'Liên tỉnh miền Bắc', 7, 100000, 'LS001'),
(N'Siêu tốc', N'Liên tỉnh miền Bắc', 10, 120000, 'LS001'),
(N'Siêu tốc', N'Liên tỉnh miền Bắc', 15, 144000, 'LS001'),
(N'Siêu tốc', N'Liên tỉnh miền Trung', 0.25, 20000, 'LS001'),
(N'Siêu tốc', N'Liên tỉnh miền Trung', 0.5, 40000, 'LS001'),
(N'Siêu tốc', N'Liên tỉnh miền Trung', 1, 48000, 'LS001'),
(N'Siêu tốc', N'Liên tỉnh miền Trung', 2, 60000, 'LS001'),
(N'Siêu tốc', N'Liên tỉnh miền Trung', 3, 72000, 'LS001'),
(N'Siêu tốc', N'Liên tỉnh miền Trung', 5, 90000, 'LS001'),
(N'Siêu tốc', N'Liên tỉnh miền Trung', 7, 108000, 'LS001'),
(N'Siêu tốc', N'Liên tỉnh miền Trung', 10, 130000, 'LS001'),
(N'Siêu tốc', N'Liên tỉnh miền Trung', 15, 156000, 'LS001'),
(N'Siêu tốc', N'Liên tỉnh miền Nam', 0.25, 22000, 'LS001'),
(N'Siêu tốc', N'Liên tỉnh miền Nam', 0.5, 44000, 'LS001'),
(N'Siêu tốc', N'Liên tỉnh miền Nam', 1, 52000, 'LS001'),
(N'Siêu tốc', N'Liên tỉnh miền Nam', 2, 64000, 'LS001'),
(N'Siêu tốc', N'Liên tỉnh miền Nam', 3, 76000, 'LS001'),
(N'Siêu tốc', N'Liên tỉnh miền Nam', 5, 96000, 'LS001'),
(N'Siêu tốc', N'Liên tỉnh miền Nam', 7, 116000, 'LS001'),
(N'Siêu tốc', N'Liên tỉnh miền Nam', 10, 140000, 'LS001'),
(N'Siêu tốc', N'Liên tỉnh miền Nam', 15, 170000, 'LS001'),
(N'Chuẩn', N'Nội tỉnh', 0.25, 5000, 'LS002'),
(N'Chuẩn', N'Nội tỉnh', 0.5, 10000, 'LS002'),
(N'Chuẩn', N'Nội tỉnh', 1, 12000, 'LS002'),
(N'Chuẩn', N'Nội tỉnh', 2, 15000, 'LS002'),
(N'Chuẩn', N'Nội tỉnh', 3, 18000, 'LS002'),
(N'Chuẩn', N'Nội tỉnh', 5, 22000, 'LS002'),
(N'Chuẩn', N'Nội tỉnh', 7, 26000, 'LS002'),
(N'Chuẩn', N'Nội tỉnh', 10, 32000, 'LS002'),
(N'Chuẩn', N'Nội tỉnh', 15, 40000, 'LS002'),
(N'Chuẩn', N'Liên tỉnh miền Bắc', 0.25, 9000, 'LS002'),
(N'Chuẩn', N'Liên tỉnh miền Bắc', 0.5, 18000, 'LS002'),
(N'Chuẩn', N'Liên tỉnh miền Bắc', 1, 22000, 'LS002'),
(N'Chuẩn', N'Liên tỉnh miền Bắc', 2, 28000, 'LS002'),
(N'Chuẩn', N'Liên tỉnh miền Bắc', 3, 34000, 'LS002'),
(N'Chuẩn', N'Liên tỉnh miền Bắc', 5, 42000, 'LS002'),
(N'Chuẩn', N'Liên tỉnh miền Bắc', 7, 50000, 'LS002'),
(N'Chuẩn', N'Liên tỉnh miền Bắc', 10, 60000, 'LS002'),
(N'Chuẩn', N'Liên tỉnh miền Bắc', 15, 72000, 'LS002'),
(N'Chuẩn', N'Liên tỉnh miền Trung', 0.25, 10000, 'LS002'),
(N'Chuẩn', N'Liên tỉnh miền Trung', 0.5, 20000, 'LS002'),
(N'Chuẩn', N'Liên tỉnh miền Trung', 1, 24000, 'LS002'),
(N'Chuẩn', N'Liên tỉnh miền Trung', 2, 30000, 'LS002'),
(N'Chuẩn', N'Liên tỉnh miền Trung', 3, 36000, 'LS002'),
(N'Chuẩn', N'Liên tỉnh miền Trung', 5, 45000, 'LS002'),
(N'Chuẩn', N'Liên tỉnh miền Trung', 7, 54000, 'LS002'),
(N'Chuẩn', N'Liên tỉnh miền Trung', 10, 65000, 'LS002'),
(N'Chuẩn', N'Liên tỉnh miền Trung', 15, 78000, 'LS002'),
(N'Chuẩn', N'Liên tỉnh miền Nam', 0.25, 11000, 'LS002'),
(N'Chuẩn', N'Liên tỉnh miền Nam', 0.5, 22000, 'LS002'),
(N'Chuẩn', N'Liên tỉnh miền Nam', 1, 26000, 'LS002'),
(N'Chuẩn', N'Liên tỉnh miền Nam', 2, 32000, 'LS002'),
(N'Chuẩn', N'Liên tỉnh miền Nam', 3, 38000, 'LS002'),
(N'Chuẩn', N'Liên tỉnh miền Nam', 5, 48000, 'LS002'),
(N'Chuẩn', N'Liên tỉnh miền Nam', 7, 58000, 'LS002'),
(N'Chuẩn', N'Liên tỉnh miền Nam', 10, 70000, 'LS002'),
(N'Chuẩn', N'Liên tỉnh miền Nam', 15, 85000, 'LS002'),
(N'Nhanh', N'Nội tỉnh', 0.25, 7500, 'LS002'),
(N'Nhanh', N'Nội tỉnh', 0.5, 15000, 'LS002'),
(N'Nhanh', N'Nội tỉnh', 1, 18000, 'LS002'),
(N'Nhanh', N'Nội tỉnh', 2, 22500, 'LS002'),
(N'Nhanh', N'Nội tỉnh', 3, 27000, 'LS002'),
(N'Nhanh', N'Nội tỉnh', 5, 33000, 'LS002'),
(N'Nhanh', N'Nội tỉnh', 7, 39000, 'LS002'),
(N'Nhanh', N'Nội tỉnh', 10, 48000, 'LS002'),
(N'Nhanh', N'Nội tỉnh', 15, 60000, 'LS002'),
(N'Nhanh', N'Liên tỉnh miền Bắc', 0.25, 13500, 'LS002'),
(N'Nhanh', N'Liên tỉnh miền Bắc', 0.5, 27000, 'LS002'),
(N'Nhanh', N'Liên tỉnh miền Bắc', 1, 33000, 'LS002'),
(N'Nhanh', N'Liên tỉnh miền Bắc', 2, 42000, 'LS002'),
(N'Nhanh', N'Liên tỉnh miền Bắc', 3, 51000, 'LS002'),
(N'Nhanh', N'Liên tỉnh miền Bắc', 5, 63000, 'LS002'),
(N'Nhanh', N'Liên tỉnh miền Bắc', 7, 75000, 'LS002'),
(N'Nhanh', N'Liên tỉnh miền Bắc', 10, 90000, 'LS002'),
(N'Nhanh', N'Liên tỉnh miền Bắc', 15, 108000, 'LS002'),
(N'Nhanh', N'Liên tỉnh miền Trung', 0.25, 15000, 'LS002'),
(N'Nhanh', N'Liên tỉnh miền Trung', 0.5, 30000, 'LS002'),
(N'Nhanh', N'Liên tỉnh miền Trung', 1, 36000, 'LS002'),
(N'Nhanh', N'Liên tỉnh miền Trung', 2, 45000, 'LS002'),
(N'Nhanh', N'Liên tỉnh miền Trung', 3, 54000, 'LS002'),
(N'Nhanh', N'Liên tỉnh miền Trung', 5, 67500, 'LS002'),
(N'Nhanh', N'Liên tỉnh miền Trung', 7, 81000, 'LS002'),
(N'Nhanh', N'Liên tỉnh miền Trung', 10, 97500, 'LS002'),
(N'Nhanh', N'Liên tỉnh miền Trung', 15, 117000, 'LS002'),
(N'Nhanh', N'Liên tỉnh miền Nam', 0.25, 16500, 'LS002'),
(N'Nhanh', N'Liên tỉnh miền Nam', 0.5, 33000, 'LS002'),
(N'Nhanh', N'Liên tỉnh miền Nam', 1, 39000, 'LS002'),
(N'Nhanh', N'Liên tỉnh miền Nam', 2, 48000, 'LS002'),
(N'Nhanh', N'Liên tỉnh miền Nam', 3, 57000, 'LS002'),
(N'Nhanh', N'Liên tỉnh miền Nam', 5, 72000, 'LS002'),
(N'Nhanh', N'Liên tỉnh miền Nam', 7, 87000, 'LS002'),
(N'Nhanh', N'Liên tỉnh miền Nam', 10, 105000, 'LS002'),
(N'Nhanh', N'Liên tỉnh miền Nam', 15, 127500, 'LS002'),
(N'Siêu tốc', N'Nội tỉnh', 0.25, 10000, 'LS002'),
(N'Siêu tốc', N'Nội tỉnh', 0.5, 20000, 'LS002'),
(N'Siêu tốc', N'Nội tỉnh', 1, 24000, 'LS002'),
(N'Siêu tốc', N'Nội tỉnh', 2, 30000, 'LS002'),
(N'Siêu tốc', N'Nội tỉnh', 3, 36000, 'LS002'),
(N'Siêu tốc', N'Nội tỉnh', 5, 44000, 'LS002'),
(N'Siêu tốc', N'Nội tỉnh', 7, 52000, 'LS002'),
(N'Siêu tốc', N'Nội tỉnh', 10, 64000, 'LS002'),
(N'Siêu tốc', N'Nội tỉnh', 15, 80000, 'LS002'),
(N'Siêu tốc', N'Liên tỉnh miền Bắc', 0.25, 18000, 'LS002'),
(N'Siêu tốc', N'Liên tỉnh miền Bắc', 0.5, 36000, 'LS002'),
(N'Siêu tốc', N'Liên tỉnh miền Bắc', 1, 44000, 'LS002'),
(N'Siêu tốc', N'Liên tỉnh miền Bắc', 2, 56000, 'LS002'),
(N'Siêu tốc', N'Liên tỉnh miền Bắc', 3, 68000, 'LS002'),
(N'Siêu tốc', N'Liên tỉnh miền Bắc', 5, 84000, 'LS002'),
(N'Siêu tốc', N'Liên tỉnh miền Bắc', 7, 100000, 'LS002'),
(N'Siêu tốc', N'Liên tỉnh miền Bắc', 10, 120000, 'LS002'),
(N'Siêu tốc', N'Liên tỉnh miền Bắc', 15, 144000, 'LS002'),
(N'Siêu tốc', N'Liên tỉnh miền Trung', 0.25, 20000, 'LS002'),
(N'Siêu tốc', N'Liên tỉnh miền Trung', 0.5, 40000, 'LS002'),
(N'Siêu tốc', N'Liên tỉnh miền Trung', 1, 48000, 'LS002'),
(N'Siêu tốc', N'Liên tỉnh miền Trung', 2, 60000, 'LS002'),
(N'Siêu tốc', N'Liên tỉnh miền Trung', 3, 72000, 'LS002'),
(N'Siêu tốc', N'Liên tỉnh miền Trung', 5, 90000, 'LS002'),
(N'Siêu tốc', N'Liên tỉnh miền Trung', 7, 108000, 'LS002'),
(N'Siêu tốc', N'Liên tỉnh miền Trung', 10, 130000, 'LS002'),
(N'Siêu tốc', N'Liên tỉnh miền Trung', 15, 156000, 'LS002'),
(N'Siêu tốc', N'Liên tỉnh miền Nam', 0.25, 22000, 'LS002'),
(N'Siêu tốc', N'Liên tỉnh miền Nam', 0.5, 44000, 'LS002'),
(N'Siêu tốc', N'Liên tỉnh miền Nam', 1, 52000, 'LS002'),
(N'Siêu tốc', N'Liên tỉnh miền Nam', 2, 64000, 'LS002'),
(N'Siêu tốc', N'Liên tỉnh miền Nam', 3, 76000, 'LS002'),
(N'Siêu tốc', N'Liên tỉnh miền Nam', 5, 96000, 'LS002'),
(N'Siêu tốc', N'Liên tỉnh miền Nam', 7, 116000, 'LS002'),
(N'Siêu tốc', N'Liên tỉnh miền Nam', 10, 140000, 'LS002'),
(N'Siêu tốc', N'Liên tỉnh miền Nam', 15, 170000, 'LS002'),
(N'Chuẩn', N'Nội tỉnh', 0.25, 5000, 'LS003'),
(N'Chuẩn', N'Nội tỉnh', 0.5, 10000, 'LS003'),
(N'Chuẩn', N'Nội tỉnh', 1, 12000, 'LS003'),
(N'Chuẩn', N'Nội tỉnh', 2, 15000, 'LS003'),
(N'Chuẩn', N'Nội tỉnh', 3, 18000, 'LS003'),
(N'Chuẩn', N'Nội tỉnh', 5, 22000, 'LS003'),
(N'Chuẩn', N'Nội tỉnh', 7, 26000, 'LS003'),
(N'Chuẩn', N'Nội tỉnh', 10, 32000, 'LS003'),
(N'Chuẩn', N'Nội tỉnh', 15, 40000, 'LS003'),
(N'Chuẩn', N'Liên tỉnh miền Bắc', 0.25, 9000, 'LS003'),
(N'Chuẩn', N'Liên tỉnh miền Bắc', 0.5, 18000, 'LS003'),
(N'Chuẩn', N'Liên tỉnh miền Bắc', 1, 22000, 'LS003'),
(N'Chuẩn', N'Liên tỉnh miền Bắc', 2, 28000, 'LS003'),
(N'Chuẩn', N'Liên tỉnh miền Bắc', 3, 34000, 'LS003'),
(N'Chuẩn', N'Liên tỉnh miền Bắc', 5, 42000, 'LS003'),
(N'Chuẩn', N'Liên tỉnh miền Bắc', 7, 50000, 'LS003'),
(N'Chuẩn', N'Liên tỉnh miền Bắc', 10, 60000, 'LS003'),
(N'Chuẩn', N'Liên tỉnh miền Bắc', 15, 72000, 'LS003'),
(N'Chuẩn', N'Liên tỉnh miền Trung', 0.25, 10000, 'LS003'),
(N'Chuẩn', N'Liên tỉnh miền Trung', 0.5, 20000, 'LS003'),
(N'Chuẩn', N'Liên tỉnh miền Trung', 1, 24000, 'LS003'),
(N'Chuẩn', N'Liên tỉnh miền Trung', 2, 30000, 'LS003'),
(N'Chuẩn', N'Liên tỉnh miền Trung', 3, 36000, 'LS003'),
(N'Chuẩn', N'Liên tỉnh miền Trung', 5, 45000, 'LS003'),
(N'Chuẩn', N'Liên tỉnh miền Trung', 7, 54000, 'LS003'),
(N'Chuẩn', N'Liên tỉnh miền Trung', 10, 65000, 'LS003'),
(N'Chuẩn', N'Liên tỉnh miền Trung', 15, 78000, 'LS003'),
(N'Chuẩn', N'Liên tỉnh miền Nam', 0.25, 11000, 'LS003'),
(N'Chuẩn', N'Liên tỉnh miền Nam', 0.5, 22000, 'LS003'),
(N'Chuẩn', N'Liên tỉnh miền Nam', 1, 26000, 'LS003'),
(N'Chuẩn', N'Liên tỉnh miền Nam', 2, 32000, 'LS003'),
(N'Chuẩn', N'Liên tỉnh miền Nam', 3, 38000, 'LS003'),
(N'Chuẩn', N'Liên tỉnh miền Nam', 5, 48000, 'LS003'),
(N'Chuẩn', N'Liên tỉnh miền Nam', 7, 58000, 'LS003'),
(N'Chuẩn', N'Liên tỉnh miền Nam', 10, 70000, 'LS003'),
(N'Chuẩn', N'Liên tỉnh miền Nam', 15, 85000, 'LS003'),
(N'Nhanh', N'Nội tỉnh', 0.25, 7500, 'LS003'),
(N'Nhanh', N'Nội tỉnh', 0.5, 15000, 'LS003'),
(N'Nhanh', N'Nội tỉnh', 1, 18000, 'LS003'),
(N'Nhanh', N'Nội tỉnh', 2, 22500, 'LS003'),
(N'Nhanh', N'Nội tỉnh', 3, 27000, 'LS003'),
(N'Nhanh', N'Nội tỉnh', 5, 33000, 'LS003'),
(N'Nhanh', N'Nội tỉnh', 7, 39000, 'LS003'),
(N'Nhanh', N'Nội tỉnh', 10, 48000, 'LS003'),
(N'Nhanh', N'Nội tỉnh', 15, 60000, 'LS003'),
(N'Nhanh', N'Liên tỉnh miền Bắc', 0.25, 13500, 'LS003'),
(N'Nhanh', N'Liên tỉnh miền Bắc', 0.5, 27000, 'LS003'),
(N'Nhanh', N'Liên tỉnh miền Bắc', 1, 33000, 'LS003'),
(N'Nhanh', N'Liên tỉnh miền Bắc', 2, 42000, 'LS003'),
(N'Nhanh', N'Liên tỉnh miền Bắc', 3, 51000, 'LS003'),
(N'Nhanh', N'Liên tỉnh miền Bắc', 5, 63000, 'LS003'),
(N'Nhanh', N'Liên tỉnh miền Bắc', 7, 75000, 'LS003'),
(N'Nhanh', N'Liên tỉnh miền Bắc', 10, 90000, 'LS003'),
(N'Nhanh', N'Liên tỉnh miền Bắc', 15, 108000, 'LS003'),
(N'Nhanh', N'Liên tỉnh miền Trung', 0.25, 15000, 'LS003'),
(N'Nhanh', N'Liên tỉnh miền Trung', 0.5, 30000, 'LS003'),
(N'Nhanh', N'Liên tỉnh miền Trung', 1, 36000, 'LS003'),
(N'Nhanh', N'Liên tỉnh miền Trung', 2, 45000, 'LS003'),
(N'Nhanh', N'Liên tỉnh miền Trung', 3, 54000, 'LS003'),
(N'Nhanh', N'Liên tỉnh miền Trung', 5, 67500, 'LS003'),
(N'Nhanh', N'Liên tỉnh miền Trung', 7, 81000, 'LS003'),
(N'Nhanh', N'Liên tỉnh miền Trung', 10, 97500, 'LS003'),
(N'Nhanh', N'Liên tỉnh miền Trung', 15, 117000, 'LS003'),
(N'Nhanh', N'Liên tỉnh miền Nam', 0.25, 16500, 'LS003'),
(N'Nhanh', N'Liên tỉnh miền Nam', 0.5, 33000, 'LS003'),
(N'Nhanh', N'Liên tỉnh miền Nam', 1, 39000, 'LS003'),
(N'Nhanh', N'Liên tỉnh miền Nam', 2, 48000, 'LS003'),
(N'Nhanh', N'Liên tỉnh miền Nam', 3, 57000, 'LS003'),
(N'Nhanh', N'Liên tỉnh miền Nam', 5, 72000, 'LS003'),
(N'Nhanh', N'Liên tỉnh miền Nam', 7, 87000, 'LS003'),
(N'Nhanh', N'Liên tỉnh miền Nam', 10, 105000, 'LS003'),
(N'Nhanh', N'Liên tỉnh miền Nam', 15, 127500, 'LS003'),
(N'Siêu tốc', N'Nội tỉnh', 0.25, 10000, 'LS003'),
(N'Siêu tốc', N'Nội tỉnh', 0.5, 20000, 'LS003'),
(N'Siêu tốc', N'Nội tỉnh', 1, 24000, 'LS003'),
(N'Siêu tốc', N'Nội tỉnh', 2, 30000, 'LS003'),
(N'Siêu tốc', N'Nội tỉnh', 3, 36000, 'LS003'),
(N'Siêu tốc', N'Nội tỉnh', 5, 44000, 'LS003'),
(N'Siêu tốc', N'Nội tỉnh', 7, 52000, 'LS003'),
(N'Siêu tốc', N'Nội tỉnh', 10, 64000, 'LS003'),
(N'Siêu tốc', N'Nội tỉnh', 15, 80000, 'LS003'),
(N'Siêu tốc', N'Liên tỉnh miền Bắc', 0.25, 18000, 'LS003'),
(N'Siêu tốc', N'Liên tỉnh miền Bắc', 0.5, 36000, 'LS003'),
(N'Siêu tốc', N'Liên tỉnh miền Bắc', 1, 44000, 'LS003'),
(N'Siêu tốc', N'Liên tỉnh miền Bắc', 2, 56000, 'LS003'),
(N'Siêu tốc', N'Liên tỉnh miền Bắc', 3, 68000, 'LS003'),
(N'Siêu tốc', N'Liên tỉnh miền Bắc', 5, 84000, 'LS003'),
(N'Siêu tốc', N'Liên tỉnh miền Bắc', 7, 100000, 'LS003'),
(N'Siêu tốc', N'Liên tỉnh miền Bắc', 10, 120000, 'LS003'),
(N'Siêu tốc', N'Liên tỉnh miền Bắc', 15, 144000, 'LS003'),
(N'Siêu tốc', N'Liên tỉnh miền Trung', 0.25, 20000, 'LS003'),
(N'Siêu tốc', N'Liên tỉnh miền Trung', 0.5, 40000, 'LS003'),
(N'Siêu tốc', N'Liên tỉnh miền Trung', 1, 48000, 'LS003'),
(N'Siêu tốc', N'Liên tỉnh miền Trung', 2, 60000, 'LS003'),
(N'Siêu tốc', N'Liên tỉnh miền Trung', 3, 72000, 'LS003'),
(N'Siêu tốc', N'Liên tỉnh miền Trung', 5, 90000, 'LS003'),
(N'Siêu tốc', N'Liên tỉnh miền Trung', 7, 108000, 'LS003'),
(N'Siêu tốc', N'Liên tỉnh miền Trung', 10, 130000, 'LS003'),
(N'Siêu tốc', N'Liên tỉnh miền Trung', 15, 156000, 'LS003'),
(N'Siêu tốc', N'Liên tỉnh miền Nam', 0.25, 22000, 'LS003'),
(N'Siêu tốc', N'Liên tỉnh miền Nam', 0.5, 44000, 'LS003'),
(N'Siêu tốc', N'Liên tỉnh miền Nam', 1, 52000, 'LS003'),
(N'Siêu tốc', N'Liên tỉnh miền Nam', 2, 64000, 'LS003'),
(N'Siêu tốc', N'Liên tỉnh miền Nam', 3, 76000, 'LS003'),
(N'Siêu tốc', N'Liên tỉnh miền Nam', 5, 96000, 'LS003'),
(N'Siêu tốc', N'Liên tỉnh miền Nam', 7, 116000, 'LS003'),
(N'Siêu tốc', N'Liên tỉnh miền Nam', 10, 140000, 'LS003'),
(N'Siêu tốc', N'Liên tỉnh miền Nam', 15, 170000, 'LS003'),
(N'Chuẩn', N'Nội tỉnh', 0.25, 5000, 'LS004'),
(N'Chuẩn', N'Nội tỉnh', 0.5, 10000, 'LS004'),
(N'Chuẩn', N'Nội tỉnh', 1, 12000, 'LS004'),
(N'Chuẩn', N'Nội tỉnh', 2, 15000, 'LS004'),
(N'Chuẩn', N'Nội tỉnh', 3, 18000, 'LS004'),
(N'Chuẩn', N'Nội tỉnh', 5, 22000, 'LS004'),
(N'Chuẩn', N'Nội tỉnh', 7, 26000, 'LS004'),
(N'Chuẩn', N'Nội tỉnh', 10, 32000, 'LS004'),
(N'Chuẩn', N'Nội tỉnh', 15, 40000, 'LS004'),
(N'Chuẩn', N'Liên tỉnh miền Bắc', 0.25, 9000, 'LS004'),
(N'Chuẩn', N'Liên tỉnh miền Bắc', 0.5, 18000, 'LS004'),
(N'Chuẩn', N'Liên tỉnh miền Bắc', 1, 22000, 'LS004'),
(N'Chuẩn', N'Liên tỉnh miền Bắc', 2, 28000, 'LS004'),
(N'Chuẩn', N'Liên tỉnh miền Bắc', 3, 34000, 'LS004'),
(N'Chuẩn', N'Liên tỉnh miền Bắc', 5, 42000, 'LS004'),
(N'Chuẩn', N'Liên tỉnh miền Bắc', 7, 50000, 'LS004'),
(N'Chuẩn', N'Liên tỉnh miền Bắc', 10, 60000, 'LS004'),
(N'Chuẩn', N'Liên tỉnh miền Bắc', 15, 72000, 'LS004'),
(N'Chuẩn', N'Liên tỉnh miền Trung', 0.25, 10000, 'LS004'),
(N'Chuẩn', N'Liên tỉnh miền Trung', 0.5, 20000, 'LS004'),
(N'Chuẩn', N'Liên tỉnh miền Trung', 1, 24000, 'LS004'),
(N'Chuẩn', N'Liên tỉnh miền Trung', 2, 30000, 'LS004'),
(N'Chuẩn', N'Liên tỉnh miền Trung', 3, 36000, 'LS004'),
(N'Chuẩn', N'Liên tỉnh miền Trung', 5, 45000, 'LS004'),
(N'Chuẩn', N'Liên tỉnh miền Trung', 7, 54000, 'LS004'),
(N'Chuẩn', N'Liên tỉnh miền Trung', 10, 65000, 'LS004'),
(N'Chuẩn', N'Liên tỉnh miền Trung', 15, 78000, 'LS004'),
(N'Chuẩn', N'Liên tỉnh miền Nam', 0.25, 11000, 'LS004'),
(N'Chuẩn', N'Liên tỉnh miền Nam', 0.5, 22000, 'LS004'),
(N'Chuẩn', N'Liên tỉnh miền Nam', 1, 26000, 'LS004'),
(N'Chuẩn', N'Liên tỉnh miền Nam', 2, 32000, 'LS004'),
(N'Chuẩn', N'Liên tỉnh miền Nam', 3, 38000, 'LS004'),
(N'Chuẩn', N'Liên tỉnh miền Nam', 5, 48000, 'LS004'),
(N'Chuẩn', N'Liên tỉnh miền Nam', 7, 58000, 'LS004'),
(N'Chuẩn', N'Liên tỉnh miền Nam', 10, 70000, 'LS004'),
(N'Chuẩn', N'Liên tỉnh miền Nam', 15, 85000, 'LS004'),
(N'Nhanh', N'Nội tỉnh', 0.25, 7500, 'LS004'),
(N'Nhanh', N'Nội tỉnh', 0.5, 15000, 'LS004'),
(N'Nhanh', N'Nội tỉnh', 1, 18000, 'LS004'),
(N'Nhanh', N'Nội tỉnh', 2, 22500, 'LS004'),
(N'Nhanh', N'Nội tỉnh', 3, 27000, 'LS004'),
(N'Nhanh', N'Nội tỉnh', 5, 33000, 'LS004'),
(N'Nhanh', N'Nội tỉnh', 7, 39000, 'LS004'),
(N'Nhanh', N'Nội tỉnh', 10, 48000, 'LS004'),
(N'Nhanh', N'Nội tỉnh', 15, 60000, 'LS004'),
(N'Nhanh', N'Liên tỉnh miền Bắc', 0.25, 13500, 'LS004'),
(N'Nhanh', N'Liên tỉnh miền Bắc', 0.5, 27000, 'LS004'),
(N'Nhanh', N'Liên tỉnh miền Bắc', 1, 33000, 'LS004'),
(N'Nhanh', N'Liên tỉnh miền Bắc', 2, 42000, 'LS004'),
(N'Nhanh', N'Liên tỉnh miền Bắc', 3, 51000, 'LS004'),
(N'Nhanh', N'Liên tỉnh miền Bắc', 5, 63000, 'LS004'),
(N'Nhanh', N'Liên tỉnh miền Bắc', 7, 75000, 'LS004'),
(N'Nhanh', N'Liên tỉnh miền Bắc', 10, 90000, 'LS004'),
(N'Nhanh', N'Liên tỉnh miền Bắc', 15, 108000, 'LS004'),
(N'Nhanh', N'Liên tỉnh miền Trung', 0.25, 15000, 'LS004'),
(N'Nhanh', N'Liên tỉnh miền Trung', 0.5, 30000, 'LS004'),
(N'Nhanh', N'Liên tỉnh miền Trung', 1, 36000, 'LS004'),
(N'Nhanh', N'Liên tỉnh miền Trung', 2, 45000, 'LS004'),
(N'Nhanh', N'Liên tỉnh miền Trung', 3, 54000, 'LS004'),
(N'Nhanh', N'Liên tỉnh miền Trung', 5, 67500, 'LS004'),
(N'Nhanh', N'Liên tỉnh miền Trung', 7, 81000, 'LS004'),
(N'Nhanh', N'Liên tỉnh miền Trung', 10, 97500, 'LS004'),
(N'Nhanh', N'Liên tỉnh miền Trung', 15, 117000, 'LS004'),
(N'Nhanh', N'Liên tỉnh miền Nam', 0.25, 16500, 'LS004'),
(N'Nhanh', N'Liên tỉnh miền Nam', 0.5, 33000, 'LS004'),
(N'Nhanh', N'Liên tỉnh miền Nam', 1, 39000, 'LS004'),
(N'Nhanh', N'Liên tỉnh miền Nam', 2, 48000, 'LS004'),
(N'Nhanh', N'Liên tỉnh miền Nam', 3, 57000, 'LS004'),
(N'Nhanh', N'Liên tỉnh miền Nam', 5, 72000, 'LS004'),
(N'Nhanh', N'Liên tỉnh miền Nam', 7, 87000, 'LS004'),
(N'Nhanh', N'Liên tỉnh miền Nam', 10, 105000, 'LS004'),
(N'Nhanh', N'Liên tỉnh miền Nam', 15, 127500, 'LS004'),
(N'Siêu tốc', N'Nội tỉnh', 0.25, 10000, 'LS004'),
(N'Siêu tốc', N'Nội tỉnh', 0.5, 20000, 'LS004'),
(N'Siêu tốc', N'Nội tỉnh', 1, 24000, 'LS004'),
(N'Siêu tốc', N'Nội tỉnh', 2, 30000, 'LS004'),
(N'Siêu tốc', N'Nội tỉnh', 3, 36000, 'LS004'),
(N'Siêu tốc', N'Nội tỉnh', 5, 44000, 'LS004'),
(N'Siêu tốc', N'Nội tỉnh', 7, 52000, 'LS004'),
(N'Siêu tốc', N'Nội tỉnh', 10, 64000, 'LS004'),
(N'Siêu tốc', N'Nội tỉnh', 15, 80000, 'LS004'),
(N'Siêu tốc', N'Liên tỉnh miền Bắc', 0.25, 18000, 'LS004'),
(N'Siêu tốc', N'Liên tỉnh miền Bắc', 0.5, 36000, 'LS004'),
(N'Siêu tốc', N'Liên tỉnh miền Bắc', 1, 44000, 'LS004'),
(N'Siêu tốc', N'Liên tỉnh miền Bắc', 2, 56000, 'LS004'),
(N'Siêu tốc', N'Liên tỉnh miền Bắc', 3, 68000, 'LS004'),
(N'Siêu tốc', N'Liên tỉnh miền Bắc', 5, 84000, 'LS004'),
(N'Siêu tốc', N'Liên tỉnh miền Bắc', 7, 100000, 'LS004'),
(N'Siêu tốc', N'Liên tỉnh miền Bắc', 10, 120000, 'LS004'),
(N'Siêu tốc', N'Liên tỉnh miền Bắc', 15, 144000, 'LS004'),
(N'Siêu tốc', N'Liên tỉnh miền Trung', 0.25, 20000, 'LS004'),
(N'Siêu tốc', N'Liên tỉnh miền Trung', 0.5, 40000, 'LS004'),
(N'Siêu tốc', N'Liên tỉnh miền Trung', 1, 48000, 'LS004'),
(N'Siêu tốc', N'Liên tỉnh miền Trung', 2, 60000, 'LS004'),
(N'Siêu tốc', N'Liên tỉnh miền Trung', 3, 72000, 'LS004'),
(N'Siêu tốc', N'Liên tỉnh miền Trung', 5, 90000, 'LS004'),
(N'Siêu tốc', N'Liên tỉnh miền Trung', 7, 108000, 'LS004'),
(N'Siêu tốc', N'Liên tỉnh miền Trung', 10, 130000, 'LS004'),
(N'Siêu tốc', N'Liên tỉnh miền Trung', 15, 156000, 'LS004'),
(N'Siêu tốc', N'Liên tỉnh miền Nam', 0.25, 22000, 'LS004'),
(N'Siêu tốc', N'Liên tỉnh miền Nam', 0.5, 44000, 'LS004'),
(N'Siêu tốc', N'Liên tỉnh miền Nam', 1, 52000, 'LS004'),
(N'Siêu tốc', N'Liên tỉnh miền Nam', 2, 64000, 'LS004'),
(N'Siêu tốc', N'Liên tỉnh miền Nam', 3, 76000, 'LS004'),
(N'Siêu tốc', N'Liên tỉnh miền Nam', 5, 96000, 'LS004'),
(N'Siêu tốc', N'Liên tỉnh miền Nam', 7, 116000, 'LS004'),
(N'Siêu tốc', N'Liên tỉnh miền Nam', 10, 140000, 'LS004'),
(N'Siêu tốc', N'Liên tỉnh miền Nam', 15, 170000, 'LS004'),
(N'Chuẩn', N'Nội tỉnh', 0.25, 5000, 'LS005'),
(N'Chuẩn', N'Nội tỉnh', 0.5, 10000, 'LS005'),
(N'Chuẩn', N'Nội tỉnh', 1, 12000, 'LS005'),
(N'Chuẩn', N'Nội tỉnh', 2, 15000, 'LS005'),
(N'Chuẩn', N'Nội tỉnh', 3, 18000, 'LS005'),
(N'Chuẩn', N'Nội tỉnh', 5, 22000, 'LS005'),
(N'Chuẩn', N'Nội tỉnh', 7, 26000, 'LS005'),
(N'Chuẩn', N'Nội tỉnh', 10, 32000, 'LS005'),
(N'Chuẩn', N'Nội tỉnh', 15, 40000, 'LS005'),
(N'Chuẩn', N'Liên tỉnh miền Bắc', 0.25, 9000, 'LS005'),
(N'Chuẩn', N'Liên tỉnh miền Bắc', 0.5, 18000, 'LS005'),
(N'Chuẩn', N'Liên tỉnh miền Bắc', 1, 22000, 'LS005'),
(N'Chuẩn', N'Liên tỉnh miền Bắc', 2, 28000, 'LS005'),
(N'Chuẩn', N'Liên tỉnh miền Bắc', 3, 34000, 'LS005'),
(N'Chuẩn', N'Liên tỉnh miền Bắc', 5, 42000, 'LS005'),
(N'Chuẩn', N'Liên tỉnh miền Bắc', 7, 50000, 'LS005'),
(N'Chuẩn', N'Liên tỉnh miền Bắc', 10, 60000, 'LS005'),
(N'Chuẩn', N'Liên tỉnh miền Bắc', 15, 72000, 'LS005'),
(N'Chuẩn', N'Liên tỉnh miền Trung', 0.25, 10000, 'LS005'),
(N'Chuẩn', N'Liên tỉnh miền Trung', 0.5, 20000, 'LS005'),
(N'Chuẩn', N'Liên tỉnh miền Trung', 1, 24000, 'LS005'),
(N'Chuẩn', N'Liên tỉnh miền Trung', 2, 30000, 'LS005'),
(N'Chuẩn', N'Liên tỉnh miền Trung', 3, 36000, 'LS005'),
(N'Chuẩn', N'Liên tỉnh miền Trung', 5, 45000, 'LS005'),
(N'Chuẩn', N'Liên tỉnh miền Trung', 7, 54000, 'LS005'),
(N'Chuẩn', N'Liên tỉnh miền Trung', 10, 65000, 'LS005'),
(N'Chuẩn', N'Liên tỉnh miền Trung', 15, 78000, 'LS005'),
(N'Chuẩn', N'Liên tỉnh miền Nam', 0.25, 11000, 'LS005'),
(N'Chuẩn', N'Liên tỉnh miền Nam', 0.5, 22000, 'LS005'),
(N'Chuẩn', N'Liên tỉnh miền Nam', 1, 26000, 'LS005'),
(N'Chuẩn', N'Liên tỉnh miền Nam', 2, 32000, 'LS005'),
(N'Chuẩn', N'Liên tỉnh miền Nam', 3, 38000, 'LS005'),
(N'Chuẩn', N'Liên tỉnh miền Nam', 5, 48000, 'LS005'),
(N'Chuẩn', N'Liên tỉnh miền Nam', 7, 58000, 'LS005'),
(N'Chuẩn', N'Liên tỉnh miền Nam', 10, 70000, 'LS005'),
(N'Chuẩn', N'Liên tỉnh miền Nam', 15, 85000, 'LS005'),
(N'Nhanh', N'Nội tỉnh', 0.25, 7500, 'LS005'),
(N'Nhanh', N'Nội tỉnh', 0.5, 15000, 'LS005'),
(N'Nhanh', N'Nội tỉnh', 1, 18000, 'LS005'),
(N'Nhanh', N'Nội tỉnh', 2, 22500, 'LS005'),
(N'Nhanh', N'Nội tỉnh', 3, 27000, 'LS005'),
(N'Nhanh', N'Nội tỉnh', 5, 33000, 'LS005'),
(N'Nhanh', N'Nội tỉnh', 7, 39000, 'LS005'),
(N'Nhanh', N'Nội tỉnh', 10, 48000, 'LS005'),
(N'Nhanh', N'Nội tỉnh', 15, 60000, 'LS005'),
(N'Nhanh', N'Liên tỉnh miền Bắc', 0.25, 13500, 'LS005'),
(N'Nhanh', N'Liên tỉnh miền Bắc', 0.5, 27000, 'LS005'),
(N'Nhanh', N'Liên tỉnh miền Bắc', 1, 33000, 'LS005'),
(N'Nhanh', N'Liên tỉnh miền Bắc', 2, 42000, 'LS005'),
(N'Nhanh', N'Liên tỉnh miền Bắc', 3, 51000, 'LS005'),
(N'Nhanh', N'Liên tỉnh miền Bắc', 5, 63000, 'LS005'),
(N'Nhanh', N'Liên tỉnh miền Bắc', 7, 75000, 'LS005'),
(N'Nhanh', N'Liên tỉnh miền Bắc', 10, 90000, 'LS005'),
(N'Nhanh', N'Liên tỉnh miền Bắc', 15, 108000, 'LS005'),
(N'Nhanh', N'Liên tỉnh miền Trung', 0.25, 15000, 'LS005'),
(N'Nhanh', N'Liên tỉnh miền Trung', 0.5, 30000, 'LS005'),
(N'Nhanh', N'Liên tỉnh miền Trung', 1, 36000, 'LS005'),
(N'Nhanh', N'Liên tỉnh miền Trung', 2, 45000, 'LS005'),
(N'Nhanh', N'Liên tỉnh miền Trung', 3, 54000, 'LS005'),
(N'Nhanh', N'Liên tỉnh miền Trung', 5, 67500, 'LS005'),
(N'Nhanh', N'Liên tỉnh miền Trung', 7, 81000, 'LS005'),
(N'Nhanh', N'Liên tỉnh miền Trung', 10, 97500, 'LS005'),
(N'Nhanh', N'Liên tỉnh miền Trung', 15, 117000, 'LS005'),
(N'Nhanh', N'Liên tỉnh miền Nam', 0.25, 16500, 'LS005'),
(N'Nhanh', N'Liên tỉnh miền Nam', 0.5, 33000, 'LS005'),
(N'Nhanh', N'Liên tỉnh miền Nam', 1, 39000, 'LS005'),
(N'Nhanh', N'Liên tỉnh miền Nam', 2, 48000, 'LS005'),
(N'Nhanh', N'Liên tỉnh miền Nam', 3, 57000, 'LS005'),
(N'Nhanh', N'Liên tỉnh miền Nam', 5, 72000, 'LS005'),
(N'Nhanh', N'Liên tỉnh miền Nam', 7, 87000, 'LS005'),
(N'Nhanh', N'Liên tỉnh miền Nam', 10, 105000, 'LS005'),
(N'Nhanh', N'Liên tỉnh miền Nam', 15, 127500, 'LS005'),
(N'Siêu tốc', N'Nội tỉnh', 0.25, 10000, 'LS005'),
(N'Siêu tốc', N'Nội tỉnh', 0.5, 20000, 'LS005'),
(N'Siêu tốc', N'Nội tỉnh', 1, 24000, 'LS005'),
(N'Siêu tốc', N'Nội tỉnh', 2, 30000, 'LS005'),
(N'Siêu tốc', N'Nội tỉnh', 3, 36000, 'LS005'),
(N'Siêu tốc', N'Nội tỉnh', 5, 44000, 'LS005'),
(N'Siêu tốc', N'Nội tỉnh', 7, 52000, 'LS005'),
(N'Siêu tốc', N'Nội tỉnh', 10, 64000, 'LS005'),
(N'Siêu tốc', N'Nội tỉnh', 15, 80000, 'LS005'),
(N'Siêu tốc', N'Liên tỉnh miền Bắc', 0.25, 18000, 'LS005'),
(N'Siêu tốc', N'Liên tỉnh miền Bắc', 0.5, 36000, 'LS005'),
(N'Siêu tốc', N'Liên tỉnh miền Bắc', 1, 44000, 'LS005'),
(N'Siêu tốc', N'Liên tỉnh miền Bắc', 2, 56000, 'LS005'),
(N'Siêu tốc', N'Liên tỉnh miền Bắc', 3, 68000, 'LS005'),
(N'Siêu tốc', N'Liên tỉnh miền Bắc', 5, 84000, 'LS005'),
(N'Siêu tốc', N'Liên tỉnh miền Bắc', 7, 100000, 'LS005'),
(N'Siêu tốc', N'Liên tỉnh miền Bắc', 10, 120000, 'LS005'),
(N'Siêu tốc', N'Liên tỉnh miền Bắc', 15, 144000, 'LS005'),
(N'Siêu tốc', N'Liên tỉnh miền Trung', 0.25, 20000, 'LS005'),
(N'Siêu tốc', N'Liên tỉnh miền Trung', 0.5, 40000, 'LS005'),
(N'Siêu tốc', N'Liên tỉnh miền Trung', 1, 48000, 'LS005'),
(N'Siêu tốc', N'Liên tỉnh miền Trung', 2, 60000, 'LS005'),
(N'Siêu tốc', N'Liên tỉnh miền Trung', 3, 72000, 'LS005'),
(N'Siêu tốc', N'Liên tỉnh miền Trung', 5, 90000, 'LS005'),
(N'Siêu tốc', N'Liên tỉnh miền Trung', 7, 108000, 'LS005'),
(N'Siêu tốc', N'Liên tỉnh miền Trung', 10, 130000, 'LS005'),
(N'Siêu tốc', N'Liên tỉnh miền Trung', 15, 156000, 'LS005'),
(N'Siêu tốc', N'Liên tỉnh miền Nam', 0.25, 22000, 'LS005'),
(N'Siêu tốc', N'Liên tỉnh miền Nam', 0.5, 44000, 'LS005'),
(N'Siêu tốc', N'Liên tỉnh miền Nam', 1, 52000, 'LS005'),
(N'Siêu tốc', N'Liên tỉnh miền Nam', 2, 64000, 'LS005'),
(N'Siêu tốc', N'Liên tỉnh miền Nam', 3, 76000, 'LS005'),
(N'Siêu tốc', N'Liên tỉnh miền Nam', 5, 96000, 'LS005'),
(N'Siêu tốc', N'Liên tỉnh miền Nam', 7, 116000, 'LS005'),
(N'Siêu tốc', N'Liên tỉnh miền Nam', 10, 140000, 'LS005'),
(N'Siêu tốc', N'Liên tỉnh miền Nam', 15, 170000, 'LS005'),
(N'Chuẩn', N'Nội tỉnh', 0.25, 5000, 'LS006'),
(N'Chuẩn', N'Nội tỉnh', 0.5, 10000, 'LS006'),
(N'Chuẩn', N'Nội tỉnh', 1, 12000, 'LS006'),
(N'Chuẩn', N'Nội tỉnh', 2, 15000, 'LS006'),
(N'Chuẩn', N'Nội tỉnh', 3, 18000, 'LS006'),
(N'Chuẩn', N'Nội tỉnh', 5, 22000, 'LS006'),
(N'Chuẩn', N'Nội tỉnh', 7, 26000, 'LS006'),
(N'Chuẩn', N'Nội tỉnh', 10, 32000, 'LS006'),
(N'Chuẩn', N'Nội tỉnh', 15, 40000, 'LS006'),
(N'Chuẩn', N'Liên tỉnh miền Bắc', 0.25, 9000, 'LS006'),
(N'Chuẩn', N'Liên tỉnh miền Bắc', 0.5, 18000, 'LS006'),
(N'Chuẩn', N'Liên tỉnh miền Bắc', 1, 22000, 'LS006'),
(N'Chuẩn', N'Liên tỉnh miền Bắc', 2, 28000, 'LS006'),
(N'Chuẩn', N'Liên tỉnh miền Bắc', 3, 34000, 'LS006'),
(N'Chuẩn', N'Liên tỉnh miền Bắc', 5, 42000, 'LS006'),
(N'Chuẩn', N'Liên tỉnh miền Bắc', 7, 50000, 'LS006'),
(N'Chuẩn', N'Liên tỉnh miền Bắc', 10, 60000, 'LS006'),
(N'Chuẩn', N'Liên tỉnh miền Bắc', 15, 72000, 'LS006'),
(N'Chuẩn', N'Liên tỉnh miền Trung', 0.25, 10000, 'LS006'),
(N'Chuẩn', N'Liên tỉnh miền Trung', 0.5, 20000, 'LS006'),
(N'Chuẩn', N'Liên tỉnh miền Trung', 1, 24000, 'LS006'),
(N'Chuẩn', N'Liên tỉnh miền Trung', 2, 30000, 'LS006'),
(N'Chuẩn', N'Liên tỉnh miền Trung', 3, 36000, 'LS006'),
(N'Chuẩn', N'Liên tỉnh miền Trung', 5, 45000, 'LS006'),
(N'Chuẩn', N'Liên tỉnh miền Trung', 7, 54000, 'LS006'),
(N'Chuẩn', N'Liên tỉnh miền Trung', 10, 65000, 'LS006'),
(N'Chuẩn', N'Liên tỉnh miền Trung', 15, 78000, 'LS006'),
(N'Chuẩn', N'Liên tỉnh miền Nam', 0.25, 11000, 'LS006'),
(N'Chuẩn', N'Liên tỉnh miền Nam', 0.5, 22000, 'LS006'),
(N'Chuẩn', N'Liên tỉnh miền Nam', 1, 26000, 'LS006'),
(N'Chuẩn', N'Liên tỉnh miền Nam', 2, 32000, 'LS006'),
(N'Chuẩn', N'Liên tỉnh miền Nam', 3, 38000, 'LS006'),
(N'Chuẩn', N'Liên tỉnh miền Nam', 5, 48000, 'LS006'),
(N'Chuẩn', N'Liên tỉnh miền Nam', 7, 58000, 'LS006'),
(N'Chuẩn', N'Liên tỉnh miền Nam', 10, 70000, 'LS006'),
(N'Chuẩn', N'Liên tỉnh miền Nam', 15, 85000, 'LS006'),
(N'Nhanh', N'Nội tỉnh', 0.25, 7500, 'LS006'),
(N'Nhanh', N'Nội tỉnh', 0.5, 15000, 'LS006'),
(N'Nhanh', N'Nội tỉnh', 1, 18000, 'LS006'),
(N'Nhanh', N'Nội tỉnh', 2, 22500, 'LS006'),
(N'Nhanh', N'Nội tỉnh', 3, 27000, 'LS006'),
(N'Nhanh', N'Nội tỉnh', 5, 33000, 'LS006'),
(N'Nhanh', N'Nội tỉnh', 7, 39000, 'LS006'),
(N'Nhanh', N'Nội tỉnh', 10, 48000, 'LS006'),
(N'Nhanh', N'Nội tỉnh', 15, 60000, 'LS006'),
(N'Nhanh', N'Liên tỉnh miền Bắc', 0.25, 13500, 'LS006'),
(N'Nhanh', N'Liên tỉnh miền Bắc', 0.5, 27000, 'LS006'),
(N'Nhanh', N'Liên tỉnh miền Bắc', 1, 33000, 'LS006'),
(N'Nhanh', N'Liên tỉnh miền Bắc', 2, 42000, 'LS006'),
(N'Nhanh', N'Liên tỉnh miền Bắc', 3, 51000, 'LS006'),
(N'Nhanh', N'Liên tỉnh miền Bắc', 5, 63000, 'LS006'),
(N'Nhanh', N'Liên tỉnh miền Bắc', 7, 75000, 'LS006'),
(N'Nhanh', N'Liên tỉnh miền Bắc', 10, 90000, 'LS006'),
(N'Nhanh', N'Liên tỉnh miền Bắc', 15, 108000, 'LS006'),
(N'Nhanh', N'Liên tỉnh miền Trung', 0.25, 15000, 'LS006'),
(N'Nhanh', N'Liên tỉnh miền Trung', 0.5, 30000, 'LS006'),
(N'Nhanh', N'Liên tỉnh miền Trung', 1, 36000, 'LS006'),
(N'Nhanh', N'Liên tỉnh miền Trung', 2, 45000, 'LS006'),
(N'Nhanh', N'Liên tỉnh miền Trung', 3, 54000, 'LS006'),
(N'Nhanh', N'Liên tỉnh miền Trung', 5, 67500, 'LS006'),
(N'Nhanh', N'Liên tỉnh miền Trung', 7, 81000, 'LS006'),
(N'Nhanh', N'Liên tỉnh miền Trung', 10, 97500, 'LS006'),
(N'Nhanh', N'Liên tỉnh miền Trung', 15, 117000, 'LS006'),
(N'Nhanh', N'Liên tỉnh miền Nam', 0.25, 16500, 'LS006'),
(N'Nhanh', N'Liên tỉnh miền Nam', 0.5, 33000, 'LS006'),
(N'Nhanh', N'Liên tỉnh miền Nam', 1, 39000, 'LS006'),
(N'Nhanh', N'Liên tỉnh miền Nam', 2, 48000, 'LS006'),
(N'Nhanh', N'Liên tỉnh miền Nam', 3, 57000, 'LS006'),
(N'Nhanh', N'Liên tỉnh miền Nam', 5, 72000, 'LS006'),
(N'Nhanh', N'Liên tỉnh miền Nam', 7, 87000, 'LS006'),
(N'Nhanh', N'Liên tỉnh miền Nam', 10, 105000, 'LS006'),
(N'Nhanh', N'Liên tỉnh miền Nam', 15, 127500, 'LS006'),
(N'Siêu tốc', N'Nội tỉnh', 0.25, 10000, 'LS006'),
(N'Siêu tốc', N'Nội tỉnh', 0.5, 20000, 'LS006'),
(N'Siêu tốc', N'Nội tỉnh', 1, 24000, 'LS006'),
(N'Siêu tốc', N'Nội tỉnh', 2, 30000, 'LS006'),
(N'Siêu tốc', N'Nội tỉnh', 3, 36000, 'LS006'),
(N'Siêu tốc', N'Nội tỉnh', 5, 44000, 'LS006'),
(N'Siêu tốc', N'Nội tỉnh', 7, 52000, 'LS006'),
(N'Siêu tốc', N'Nội tỉnh', 10, 64000, 'LS006'),
(N'Siêu tốc', N'Nội tỉnh', 15, 80000, 'LS006'),
(N'Siêu tốc', N'Liên tỉnh miền Bắc', 0.25, 18000, 'LS006'),
(N'Siêu tốc', N'Liên tỉnh miền Bắc', 0.5, 36000, 'LS006'),
(N'Siêu tốc', N'Liên tỉnh miền Bắc', 1, 44000, 'LS006'),
(N'Siêu tốc', N'Liên tỉnh miền Bắc', 2, 56000, 'LS006'),
(N'Siêu tốc', N'Liên tỉnh miền Bắc', 3, 68000, 'LS006'),
(N'Siêu tốc', N'Liên tỉnh miền Bắc', 5, 84000, 'LS006'),
(N'Siêu tốc', N'Liên tỉnh miền Bắc', 7, 100000, 'LS006'),
(N'Siêu tốc', N'Liên tỉnh miền Bắc', 10, 120000, 'LS006'),
(N'Siêu tốc', N'Liên tỉnh miền Bắc', 15, 144000, 'LS006'),
(N'Siêu tốc', N'Liên tỉnh miền Trung', 0.25, 20000, 'LS006'),
(N'Siêu tốc', N'Liên tỉnh miền Trung', 0.5, 40000, 'LS006'),
(N'Siêu tốc', N'Liên tỉnh miền Trung', 1, 48000, 'LS006'),
(N'Siêu tốc', N'Liên tỉnh miền Trung', 2, 60000, 'LS006'),
(N'Siêu tốc', N'Liên tỉnh miền Trung', 3, 72000, 'LS006'),
(N'Siêu tốc', N'Liên tỉnh miền Trung', 5, 90000, 'LS006'),
(N'Siêu tốc', N'Liên tỉnh miền Trung', 7, 108000, 'LS006'),
(N'Siêu tốc', N'Liên tỉnh miền Trung', 10, 130000, 'LS006'),
(N'Siêu tốc', N'Liên tỉnh miền Trung', 15, 156000, 'LS006'),
(N'Siêu tốc', N'Liên tỉnh miền Nam', 0.25, 22000, 'LS006'),
(N'Siêu tốc', N'Liên tỉnh miền Nam', 0.5, 44000, 'LS006'),
(N'Siêu tốc', N'Liên tỉnh miền Nam', 1, 52000, 'LS006'),
(N'Siêu tốc', N'Liên tỉnh miền Nam', 2, 64000, 'LS006'),
(N'Siêu tốc', N'Liên tỉnh miền Nam', 3, 76000, 'LS006'),
(N'Siêu tốc', N'Liên tỉnh miền Nam', 5, 96000, 'LS006'),
(N'Siêu tốc', N'Liên tỉnh miền Nam', 7, 116000, 'LS006'),
(N'Siêu tốc', N'Liên tỉnh miền Nam', 10, 140000, 'LS006'),
(N'Siêu tốc', N'Liên tỉnh miền Nam', 15, 170000, 'LS006'),
(N'Chuẩn', N'Nội tỉnh', 0.25, 5000, 'LS007'),
(N'Chuẩn', N'Nội tỉnh', 0.5, 10000, 'LS007'),
(N'Chuẩn', N'Nội tỉnh', 1, 12000, 'LS007'),
(N'Chuẩn', N'Nội tỉnh', 2, 15000, 'LS007'),
(N'Chuẩn', N'Nội tỉnh', 3, 18000, 'LS007'),
(N'Chuẩn', N'Nội tỉnh', 5, 22000, 'LS007'),
(N'Chuẩn', N'Nội tỉnh', 7, 26000, 'LS007'),
(N'Chuẩn', N'Nội tỉnh', 10, 32000, 'LS007'),
(N'Chuẩn', N'Nội tỉnh', 15, 40000, 'LS007'),
(N'Chuẩn', N'Liên tỉnh miền Bắc', 0.25, 9000, 'LS007'),
(N'Chuẩn', N'Liên tỉnh miền Bắc', 0.5, 18000, 'LS007'),
(N'Chuẩn', N'Liên tỉnh miền Bắc', 1, 22000, 'LS007'),
(N'Chuẩn', N'Liên tỉnh miền Bắc', 2, 28000, 'LS007'),
(N'Chuẩn', N'Liên tỉnh miền Bắc', 3, 34000, 'LS007'),
(N'Chuẩn', N'Liên tỉnh miền Bắc', 5, 42000, 'LS007'),
(N'Chuẩn', N'Liên tỉnh miền Bắc', 7, 50000, 'LS007'),
(N'Chuẩn', N'Liên tỉnh miền Bắc', 10, 60000, 'LS007'),
(N'Chuẩn', N'Liên tỉnh miền Bắc', 15, 72000, 'LS007'),
(N'Chuẩn', N'Liên tỉnh miền Trung', 0.25, 10000, 'LS007'),
(N'Chuẩn', N'Liên tỉnh miền Trung', 0.5, 20000, 'LS007'),
(N'Chuẩn', N'Liên tỉnh miền Trung', 1, 24000, 'LS007'),
(N'Chuẩn', N'Liên tỉnh miền Trung', 2, 30000, 'LS007'),
(N'Chuẩn', N'Liên tỉnh miền Trung', 3, 36000, 'LS007'),
(N'Chuẩn', N'Liên tỉnh miền Trung', 5, 45000, 'LS007'),
(N'Chuẩn', N'Liên tỉnh miền Trung', 7, 54000, 'LS007'),
(N'Chuẩn', N'Liên tỉnh miền Trung', 10, 65000, 'LS007'),
(N'Chuẩn', N'Liên tỉnh miền Trung', 15, 78000, 'LS007'),
(N'Chuẩn', N'Liên tỉnh miền Nam', 0.25, 11000, 'LS007'),
(N'Chuẩn', N'Liên tỉnh miền Nam', 0.5, 22000, 'LS007'),
(N'Chuẩn', N'Liên tỉnh miền Nam', 1, 26000, 'LS007'),
(N'Chuẩn', N'Liên tỉnh miền Nam', 2, 32000, 'LS007'),
(N'Chuẩn', N'Liên tỉnh miền Nam', 3, 38000, 'LS007'),
(N'Chuẩn', N'Liên tỉnh miền Nam', 5, 48000, 'LS007'),
(N'Chuẩn', N'Liên tỉnh miền Nam', 7, 58000, 'LS007'),
(N'Chuẩn', N'Liên tỉnh miền Nam', 10, 70000, 'LS007'),
(N'Chuẩn', N'Liên tỉnh miền Nam', 15, 85000, 'LS007'),
(N'Nhanh', N'Nội tỉnh', 0.25, 7500, 'LS007'),
(N'Nhanh', N'Nội tỉnh', 0.5, 15000, 'LS007'),
(N'Nhanh', N'Nội tỉnh', 1, 18000, 'LS007'),
(N'Nhanh', N'Nội tỉnh', 2, 22500, 'LS007'),
(N'Nhanh', N'Nội tỉnh', 3, 27000, 'LS007'),
(N'Nhanh', N'Nội tỉnh', 5, 33000, 'LS007'),
(N'Nhanh', N'Nội tỉnh', 7, 39000, 'LS007'),
(N'Nhanh', N'Nội tỉnh', 10, 48000, 'LS007'),
(N'Nhanh', N'Nội tỉnh', 15, 60000, 'LS007'),
(N'Nhanh', N'Liên tỉnh miền Bắc', 0.25, 13500, 'LS007'),
(N'Nhanh', N'Liên tỉnh miền Bắc', 0.5, 27000, 'LS007'),
(N'Nhanh', N'Liên tỉnh miền Bắc', 1, 33000, 'LS007'),
(N'Nhanh', N'Liên tỉnh miền Bắc', 2, 42000, 'LS007'),
(N'Nhanh', N'Liên tỉnh miền Bắc', 3, 51000, 'LS007'),
(N'Nhanh', N'Liên tỉnh miền Bắc', 5, 63000, 'LS007'),
(N'Nhanh', N'Liên tỉnh miền Bắc', 7, 75000, 'LS007'),
(N'Nhanh', N'Liên tỉnh miền Bắc', 10, 90000, 'LS007'),
(N'Nhanh', N'Liên tỉnh miền Bắc', 15, 108000, 'LS007'),
(N'Nhanh', N'Liên tỉnh miền Trung', 0.25, 15000, 'LS007'),
(N'Nhanh', N'Liên tỉnh miền Trung', 0.5, 30000, 'LS007'),
(N'Nhanh', N'Liên tỉnh miền Trung', 1, 36000, 'LS007'),
(N'Nhanh', N'Liên tỉnh miền Trung', 2, 45000, 'LS007'),
(N'Nhanh', N'Liên tỉnh miền Trung', 3, 54000, 'LS007'),
(N'Nhanh', N'Liên tỉnh miền Trung', 5, 67500, 'LS007'),
(N'Nhanh', N'Liên tỉnh miền Trung', 7, 81000, 'LS007'),
(N'Nhanh', N'Liên tỉnh miền Trung', 10, 97500, 'LS007'),
(N'Nhanh', N'Liên tỉnh miền Trung', 15, 117000, 'LS007'),
(N'Nhanh', N'Liên tỉnh miền Nam', 0.25, 16500, 'LS007'),
(N'Nhanh', N'Liên tỉnh miền Nam', 0.5, 33000, 'LS007'),
(N'Nhanh', N'Liên tỉnh miền Nam', 1, 39000, 'LS007'),
(N'Nhanh', N'Liên tỉnh miền Nam', 2, 48000, 'LS007'),
(N'Nhanh', N'Liên tỉnh miền Nam', 3, 57000, 'LS007'),
(N'Nhanh', N'Liên tỉnh miền Nam', 5, 72000, 'LS007'),
(N'Nhanh', N'Liên tỉnh miền Nam', 7, 87000, 'LS007'),
(N'Nhanh', N'Liên tỉnh miền Nam', 10, 105000, 'LS007'),
(N'Nhanh', N'Liên tỉnh miền Nam', 15, 127500, 'LS007'),
(N'Siêu tốc', N'Nội tỉnh', 0.25, 10000, 'LS007'),
(N'Siêu tốc', N'Nội tỉnh', 0.5, 20000, 'LS007'),
(N'Siêu tốc', N'Nội tỉnh', 1, 24000, 'LS007'),
(N'Siêu tốc', N'Nội tỉnh', 2, 30000, 'LS007'),
(N'Siêu tốc', N'Nội tỉnh', 3, 36000, 'LS007'),
(N'Siêu tốc', N'Nội tỉnh', 5, 44000, 'LS007'),
(N'Siêu tốc', N'Nội tỉnh', 7, 52000, 'LS007'),
(N'Siêu tốc', N'Nội tỉnh', 10, 64000, 'LS007'),
(N'Siêu tốc', N'Nội tỉnh', 15, 80000, 'LS007'),
(N'Siêu tốc', N'Liên tỉnh miền Bắc', 0.25, 18000, 'LS007'),
(N'Siêu tốc', N'Liên tỉnh miền Bắc', 0.5, 36000, 'LS007'),
(N'Siêu tốc', N'Liên tỉnh miền Bắc', 1, 44000, 'LS007'),
(N'Siêu tốc', N'Liên tỉnh miền Bắc', 2, 56000, 'LS007'),
(N'Siêu tốc', N'Liên tỉnh miền Bắc', 3, 68000, 'LS007'),
(N'Siêu tốc', N'Liên tỉnh miền Bắc', 5, 84000, 'LS007'),
(N'Siêu tốc', N'Liên tỉnh miền Bắc', 7, 100000, 'LS007'),
(N'Siêu tốc', N'Liên tỉnh miền Bắc', 10, 120000, 'LS007'),
(N'Siêu tốc', N'Liên tỉnh miền Bắc', 15, 144000, 'LS007'),
(N'Siêu tốc', N'Liên tỉnh miền Trung', 0.25, 20000, 'LS007'),
(N'Siêu tốc', N'Liên tỉnh miền Trung', 0.5, 40000, 'LS007'),
(N'Siêu tốc', N'Liên tỉnh miền Trung', 1, 48000, 'LS007'),
(N'Siêu tốc', N'Liên tỉnh miền Trung', 2, 60000, 'LS007'),
(N'Siêu tốc', N'Liên tỉnh miền Trung', 3, 72000, 'LS007'),
(N'Siêu tốc', N'Liên tỉnh miền Trung', 5, 90000, 'LS007'),
(N'Siêu tốc', N'Liên tỉnh miền Trung', 7, 108000, 'LS007'),
(N'Siêu tốc', N'Liên tỉnh miền Trung', 10, 130000, 'LS007'),
(N'Siêu tốc', N'Liên tỉnh miền Trung', 15, 156000, 'LS007'),
(N'Siêu tốc', N'Liên tỉnh miền Nam', 0.25, 22000, 'LS007'),
(N'Siêu tốc', N'Liên tỉnh miền Nam', 0.5, 44000, 'LS007'),
(N'Siêu tốc', N'Liên tỉnh miền Nam', 1, 52000, 'LS007'),
(N'Siêu tốc', N'Liên tỉnh miền Nam', 2, 64000, 'LS007'),
(N'Siêu tốc', N'Liên tỉnh miền Nam', 3, 76000, 'LS007'),
(N'Siêu tốc', N'Liên tỉnh miền Nam', 5, 96000, 'LS007'),
(N'Siêu tốc', N'Liên tỉnh miền Nam', 7, 116000, 'LS007'),
(N'Siêu tốc', N'Liên tỉnh miền Nam', 10, 140000, 'LS007'),
(N'Siêu tốc', N'Liên tỉnh miền Nam', 15, 170000, 'LS007'),
(N'Chuẩn', N'Nội tỉnh', 0.25, 5000, 'LS008'),
(N'Chuẩn', N'Nội tỉnh', 0.5, 10000, 'LS008'),
(N'Chuẩn', N'Nội tỉnh', 1, 12000, 'LS008'),
(N'Chuẩn', N'Nội tỉnh', 2, 15000, 'LS008'),
(N'Chuẩn', N'Nội tỉnh', 3, 18000, 'LS008'),
(N'Chuẩn', N'Nội tỉnh', 5, 22000, 'LS008'),
(N'Chuẩn', N'Nội tỉnh', 7, 26000, 'LS008'),
(N'Chuẩn', N'Nội tỉnh', 10, 32000, 'LS008'),
(N'Chuẩn', N'Nội tỉnh', 15, 40000, 'LS008'),
(N'Chuẩn', N'Liên tỉnh miền Bắc', 0.25, 9000, 'LS008'),
(N'Chuẩn', N'Liên tỉnh miền Bắc', 0.5, 18000, 'LS008'),
(N'Chuẩn', N'Liên tỉnh miền Bắc', 1, 22000, 'LS008'),
(N'Chuẩn', N'Liên tỉnh miền Bắc', 2, 28000, 'LS008'),
(N'Chuẩn', N'Liên tỉnh miền Bắc', 3, 34000, 'LS008'),
(N'Chuẩn', N'Liên tỉnh miền Bắc', 5, 42000, 'LS008'),
(N'Chuẩn', N'Liên tỉnh miền Bắc', 7, 50000, 'LS008'),
(N'Chuẩn', N'Liên tỉnh miền Bắc', 10, 60000, 'LS008'),
(N'Chuẩn', N'Liên tỉnh miền Bắc', 15, 72000, 'LS008'),
(N'Chuẩn', N'Liên tỉnh miền Trung', 0.25, 10000, 'LS008'),
(N'Chuẩn', N'Liên tỉnh miền Trung', 0.5, 20000, 'LS008'),
(N'Chuẩn', N'Liên tỉnh miền Trung', 1, 24000, 'LS008'),
(N'Chuẩn', N'Liên tỉnh miền Trung', 2, 30000, 'LS008'),
(N'Chuẩn', N'Liên tỉnh miền Trung', 3, 36000, 'LS008'),
(N'Chuẩn', N'Liên tỉnh miền Trung', 5, 45000, 'LS008'),
(N'Chuẩn', N'Liên tỉnh miền Trung', 7, 54000, 'LS008'),
(N'Chuẩn', N'Liên tỉnh miền Trung', 10, 65000, 'LS008'),
(N'Chuẩn', N'Liên tỉnh miền Trung', 15, 78000, 'LS008'),
(N'Chuẩn', N'Liên tỉnh miền Nam', 0.25, 11000, 'LS008'),
(N'Chuẩn', N'Liên tỉnh miền Nam', 0.5, 22000, 'LS008'),
(N'Chuẩn', N'Liên tỉnh miền Nam', 1, 26000, 'LS008'),
(N'Chuẩn', N'Liên tỉnh miền Nam', 2, 32000, 'LS008'),
(N'Chuẩn', N'Liên tỉnh miền Nam', 3, 38000, 'LS008'),
(N'Chuẩn', N'Liên tỉnh miền Nam', 5, 48000, 'LS008'),
(N'Chuẩn', N'Liên tỉnh miền Nam', 7, 58000, 'LS008'),
(N'Chuẩn', N'Liên tỉnh miền Nam', 10, 70000, 'LS008'),
(N'Chuẩn', N'Liên tỉnh miền Nam', 15, 85000, 'LS008'),
(N'Nhanh', N'Nội tỉnh', 0.25, 7500, 'LS008'),
(N'Nhanh', N'Nội tỉnh', 0.5, 15000, 'LS008'),
(N'Nhanh', N'Nội tỉnh', 1, 18000, 'LS008'),
(N'Nhanh', N'Nội tỉnh', 2, 22500, 'LS008'),
(N'Nhanh', N'Nội tỉnh', 3, 27000, 'LS008'),
(N'Nhanh', N'Nội tỉnh', 5, 33000, 'LS008'),
(N'Nhanh', N'Nội tỉnh', 7, 39000, 'LS008'),
(N'Nhanh', N'Nội tỉnh', 10, 48000, 'LS008'),
(N'Nhanh', N'Nội tỉnh', 15, 60000, 'LS008'),
(N'Nhanh', N'Liên tỉnh miền Bắc', 0.25, 13500, 'LS008'),
(N'Nhanh', N'Liên tỉnh miền Bắc', 0.5, 27000, 'LS008'),
(N'Nhanh', N'Liên tỉnh miền Bắc', 1, 33000, 'LS008'),
(N'Nhanh', N'Liên tỉnh miền Bắc', 2, 42000, 'LS008'),
(N'Nhanh', N'Liên tỉnh miền Bắc', 3, 51000, 'LS008'),
(N'Nhanh', N'Liên tỉnh miền Bắc', 5, 63000, 'LS008'),
(N'Nhanh', N'Liên tỉnh miền Bắc', 7, 75000, 'LS008'),
(N'Nhanh', N'Liên tỉnh miền Bắc', 10, 90000, 'LS008'),
(N'Nhanh', N'Liên tỉnh miền Bắc', 15, 108000, 'LS008'),
(N'Nhanh', N'Liên tỉnh miền Trung', 0.25, 15000, 'LS008'),
(N'Nhanh', N'Liên tỉnh miền Trung', 0.5, 30000, 'LS008'),
(N'Nhanh', N'Liên tỉnh miền Trung', 1, 36000, 'LS008'),
(N'Nhanh', N'Liên tỉnh miền Trung', 2, 45000, 'LS008'),
(N'Nhanh', N'Liên tỉnh miền Trung', 3, 54000, 'LS008'),
(N'Nhanh', N'Liên tỉnh miền Trung', 5, 67500, 'LS008'),
(N'Nhanh', N'Liên tỉnh miền Trung', 7, 81000, 'LS008'),
(N'Nhanh', N'Liên tỉnh miền Trung', 10, 97500, 'LS008'),
(N'Nhanh', N'Liên tỉnh miền Trung', 15, 117000, 'LS008'),
(N'Nhanh', N'Liên tỉnh miền Nam', 0.25, 16500, 'LS008'),
(N'Nhanh', N'Liên tỉnh miền Nam', 0.5, 33000, 'LS008'),
(N'Nhanh', N'Liên tỉnh miền Nam', 1, 39000, 'LS008'),
(N'Nhanh', N'Liên tỉnh miền Nam', 2, 48000, 'LS008'),
(N'Nhanh', N'Liên tỉnh miền Nam', 3, 57000, 'LS008'),
(N'Nhanh', N'Liên tỉnh miền Nam', 5, 72000, 'LS008'),
(N'Nhanh', N'Liên tỉnh miền Nam', 7, 87000, 'LS008'),
(N'Nhanh', N'Liên tỉnh miền Nam', 10, 105000, 'LS008'),
(N'Nhanh', N'Liên tỉnh miền Nam', 15, 127500, 'LS008'),
(N'Siêu tốc', N'Nội tỉnh', 0.25, 10000, 'LS008'),
(N'Siêu tốc', N'Nội tỉnh', 0.5, 20000, 'LS008'),
(N'Siêu tốc', N'Nội tỉnh', 1, 24000, 'LS008'),
(N'Siêu tốc', N'Nội tỉnh', 2, 30000, 'LS008'),
(N'Siêu tốc', N'Nội tỉnh', 3, 36000, 'LS008'),
(N'Siêu tốc', N'Nội tỉnh', 5, 44000, 'LS008'),
(N'Siêu tốc', N'Nội tỉnh', 7, 52000, 'LS008'),
(N'Siêu tốc', N'Nội tỉnh', 10, 64000, 'LS008'),
(N'Siêu tốc', N'Nội tỉnh', 15, 80000, 'LS008'),
(N'Siêu tốc', N'Liên tỉnh miền Bắc', 0.25, 18000, 'LS008'),
(N'Siêu tốc', N'Liên tỉnh miền Bắc', 0.5, 36000, 'LS008'),
(N'Siêu tốc', N'Liên tỉnh miền Bắc', 1, 44000, 'LS008'),
(N'Siêu tốc', N'Liên tỉnh miền Bắc', 2, 56000, 'LS008'),
(N'Siêu tốc', N'Liên tỉnh miền Bắc', 3, 68000, 'LS008'),
(N'Siêu tốc', N'Liên tỉnh miền Bắc', 5, 84000, 'LS008'),
(N'Siêu tốc', N'Liên tỉnh miền Bắc', 7, 100000, 'LS008'),
(N'Siêu tốc', N'Liên tỉnh miền Bắc', 10, 120000, 'LS008'),
(N'Siêu tốc', N'Liên tỉnh miền Bắc', 15, 144000, 'LS008'),
(N'Siêu tốc', N'Liên tỉnh miền Trung', 0.25, 20000, 'LS008'),
(N'Siêu tốc', N'Liên tỉnh miền Trung', 0.5, 40000, 'LS008'),
(N'Siêu tốc', N'Liên tỉnh miền Trung', 1, 48000, 'LS008'),
(N'Siêu tốc', N'Liên tỉnh miền Trung', 2, 60000, 'LS008'),
(N'Siêu tốc', N'Liên tỉnh miền Trung', 3, 72000, 'LS008'),
(N'Siêu tốc', N'Liên tỉnh miền Trung', 5, 90000, 'LS008'),
(N'Siêu tốc', N'Liên tỉnh miền Trung', 7, 108000, 'LS008'),
(N'Siêu tốc', N'Liên tỉnh miền Trung', 10, 130000, 'LS008'),
(N'Siêu tốc', N'Liên tỉnh miền Trung', 15, 156000, 'LS008'),
(N'Siêu tốc', N'Liên tỉnh miền Nam', 0.25, 22000, 'LS008'),
(N'Siêu tốc', N'Liên tỉnh miền Nam', 0.5, 44000, 'LS008'),
(N'Siêu tốc', N'Liên tỉnh miền Nam', 1, 52000, 'LS008'),
(N'Siêu tốc', N'Liên tỉnh miền Nam', 2, 64000, 'LS008'),
(N'Siêu tốc', N'Liên tỉnh miền Nam', 3, 76000, 'LS008'),
(N'Siêu tốc', N'Liên tỉnh miền Nam', 5, 96000, 'LS008'),
(N'Siêu tốc', N'Liên tỉnh miền Nam', 7, 116000, 'LS008'),
(N'Siêu tốc', N'Liên tỉnh miền Nam', 10, 140000, 'LS008'),
(N'Siêu tốc', N'Liên tỉnh miền Nam', 15, 170000, 'LS008'),
(N'Chuẩn', N'Nội tỉnh', 0.25, 5000, 'LS009'),
(N'Chuẩn', N'Nội tỉnh', 0.5, 10000, 'LS009'),
(N'Chuẩn', N'Nội tỉnh', 1, 12000, 'LS009'),
(N'Chuẩn', N'Nội tỉnh', 2, 15000, 'LS009'),
(N'Chuẩn', N'Nội tỉnh', 3, 18000, 'LS009'),
(N'Chuẩn', N'Nội tỉnh', 5, 22000, 'LS009'),
(N'Chuẩn', N'Nội tỉnh', 7, 26000, 'LS009'),
(N'Chuẩn', N'Nội tỉnh', 10, 32000, 'LS009'),
(N'Chuẩn', N'Nội tỉnh', 15, 40000, 'LS009'),
(N'Chuẩn', N'Liên tỉnh miền Bắc', 0.25, 9000, 'LS009'),
(N'Chuẩn', N'Liên tỉnh miền Bắc', 0.5, 18000, 'LS009'),
(N'Chuẩn', N'Liên tỉnh miền Bắc', 1, 22000, 'LS009'),
(N'Chuẩn', N'Liên tỉnh miền Bắc', 2, 28000, 'LS009'),
(N'Chuẩn', N'Liên tỉnh miền Bắc', 3, 34000, 'LS009'),
(N'Chuẩn', N'Liên tỉnh miền Bắc', 5, 42000, 'LS009'),
(N'Chuẩn', N'Liên tỉnh miền Bắc', 7, 50000, 'LS009'),
(N'Chuẩn', N'Liên tỉnh miền Bắc', 10, 60000, 'LS009'),
(N'Chuẩn', N'Liên tỉnh miền Bắc', 15, 72000, 'LS009'),
(N'Chuẩn', N'Liên tỉnh miền Trung', 0.25, 10000, 'LS009'),
(N'Chuẩn', N'Liên tỉnh miền Trung', 0.5, 20000, 'LS009'),
(N'Chuẩn', N'Liên tỉnh miền Trung', 1, 24000, 'LS009'),
(N'Chuẩn', N'Liên tỉnh miền Trung', 2, 30000, 'LS009'),
(N'Chuẩn', N'Liên tỉnh miền Trung', 3, 36000, 'LS009'),
(N'Chuẩn', N'Liên tỉnh miền Trung', 5, 45000, 'LS009'),
(N'Chuẩn', N'Liên tỉnh miền Trung', 7, 54000, 'LS009'),
(N'Chuẩn', N'Liên tỉnh miền Trung', 10, 65000, 'LS009'),
(N'Chuẩn', N'Liên tỉnh miền Trung', 15, 78000, 'LS009'),
(N'Chuẩn', N'Liên tỉnh miền Nam', 0.25, 11000, 'LS009'),
(N'Chuẩn', N'Liên tỉnh miền Nam', 0.5, 22000, 'LS009'),
(N'Chuẩn', N'Liên tỉnh miền Nam', 1, 26000, 'LS009'),
(N'Chuẩn', N'Liên tỉnh miền Nam', 2, 32000, 'LS009'),
(N'Chuẩn', N'Liên tỉnh miền Nam', 3, 38000, 'LS009'),
(N'Chuẩn', N'Liên tỉnh miền Nam', 5, 48000, 'LS009'),
(N'Chuẩn', N'Liên tỉnh miền Nam', 7, 58000, 'LS009'),
(N'Chuẩn', N'Liên tỉnh miền Nam', 10, 70000, 'LS009'),
(N'Chuẩn', N'Liên tỉnh miền Nam', 15, 85000, 'LS009'),
(N'Nhanh', N'Nội tỉnh', 0.25, 7500, 'LS009'),
(N'Nhanh', N'Nội tỉnh', 0.5, 15000, 'LS009'),
(N'Nhanh', N'Nội tỉnh', 1, 18000, 'LS009'),
(N'Nhanh', N'Nội tỉnh', 2, 22500, 'LS009'),
(N'Nhanh', N'Nội tỉnh', 3, 27000, 'LS009'),
(N'Nhanh', N'Nội tỉnh', 5, 33000, 'LS009'),
(N'Nhanh', N'Nội tỉnh', 7, 39000, 'LS009'),
(N'Nhanh', N'Nội tỉnh', 10, 48000, 'LS009'),
(N'Nhanh', N'Nội tỉnh', 15, 60000, 'LS009'),
(N'Nhanh', N'Liên tỉnh miền Bắc', 0.25, 13500, 'LS009'),
(N'Nhanh', N'Liên tỉnh miền Bắc', 0.5, 27000, 'LS009'),
(N'Nhanh', N'Liên tỉnh miền Bắc', 1, 33000, 'LS009'),
(N'Nhanh', N'Liên tỉnh miền Bắc', 2, 42000, 'LS009'),
(N'Nhanh', N'Liên tỉnh miền Bắc', 3, 51000, 'LS009'),
(N'Nhanh', N'Liên tỉnh miền Bắc', 5, 63000, 'LS009'),
(N'Nhanh', N'Liên tỉnh miền Bắc', 7, 75000, 'LS009'),
(N'Nhanh', N'Liên tỉnh miền Bắc', 10, 90000, 'LS009'),
(N'Nhanh', N'Liên tỉnh miền Bắc', 15, 108000, 'LS009'),
(N'Nhanh', N'Liên tỉnh miền Trung', 0.25, 15000, 'LS009'),
(N'Nhanh', N'Liên tỉnh miền Trung', 0.5, 30000, 'LS009'),
(N'Nhanh', N'Liên tỉnh miền Trung', 1, 36000, 'LS009'),
(N'Nhanh', N'Liên tỉnh miền Trung', 2, 45000, 'LS009'),
(N'Nhanh', N'Liên tỉnh miền Trung', 3, 54000, 'LS009'),
(N'Nhanh', N'Liên tỉnh miền Trung', 5, 67500, 'LS009'),
(N'Nhanh', N'Liên tỉnh miền Trung', 7, 81000, 'LS009'),
(N'Nhanh', N'Liên tỉnh miền Trung', 10, 97500, 'LS009'),
(N'Nhanh', N'Liên tỉnh miền Trung', 15, 117000, 'LS009'),
(N'Nhanh', N'Liên tỉnh miền Nam', 0.25, 16500, 'LS009'),
(N'Nhanh', N'Liên tỉnh miền Nam', 0.5, 33000, 'LS009'),
(N'Nhanh', N'Liên tỉnh miền Nam', 1, 39000, 'LS009'),
(N'Nhanh', N'Liên tỉnh miền Nam', 2, 48000, 'LS009'),
(N'Nhanh', N'Liên tỉnh miền Nam', 3, 57000, 'LS009'),
(N'Nhanh', N'Liên tỉnh miền Nam', 5, 72000, 'LS009'),
(N'Nhanh', N'Liên tỉnh miền Nam', 7, 87000, 'LS009'),
(N'Nhanh', N'Liên tỉnh miền Nam', 10, 105000, 'LS009'),
(N'Nhanh', N'Liên tỉnh miền Nam', 15, 127500, 'LS009'),
(N'Siêu tốc', N'Nội tỉnh', 0.25, 10000, 'LS009'),
(N'Siêu tốc', N'Nội tỉnh', 0.5, 20000, 'LS009'),
(N'Siêu tốc', N'Nội tỉnh', 1, 24000, 'LS009'),
(N'Siêu tốc', N'Nội tỉnh', 2, 30000, 'LS009'),
(N'Siêu tốc', N'Nội tỉnh', 3, 36000, 'LS009'),
(N'Siêu tốc', N'Nội tỉnh', 5, 44000, 'LS009'),
(N'Siêu tốc', N'Nội tỉnh', 7, 52000, 'LS009'),
(N'Siêu tốc', N'Nội tỉnh', 10, 64000, 'LS009'),
(N'Siêu tốc', N'Nội tỉnh', 15, 80000, 'LS009'),
(N'Siêu tốc', N'Liên tỉnh miền Bắc', 0.25, 18000, 'LS009'),
(N'Siêu tốc', N'Liên tỉnh miền Bắc', 0.5, 36000, 'LS009'),
(N'Siêu tốc', N'Liên tỉnh miền Bắc', 1, 44000, 'LS009'),
(N'Siêu tốc', N'Liên tỉnh miền Bắc', 2, 56000, 'LS009'),
(N'Siêu tốc', N'Liên tỉnh miền Bắc', 3, 68000, 'LS009'),
(N'Siêu tốc', N'Liên tỉnh miền Bắc', 5, 84000, 'LS009'),
(N'Siêu tốc', N'Liên tỉnh miền Bắc', 7, 100000, 'LS009'),
(N'Siêu tốc', N'Liên tỉnh miền Bắc', 10, 120000, 'LS009'),
(N'Siêu tốc', N'Liên tỉnh miền Bắc', 15, 144000, 'LS009'),
(N'Siêu tốc', N'Liên tỉnh miền Trung', 0.25, 20000, 'LS009'),
(N'Siêu tốc', N'Liên tỉnh miền Trung', 0.5, 40000, 'LS009'),
(N'Siêu tốc', N'Liên tỉnh miền Trung', 1, 48000, 'LS009'),
(N'Siêu tốc', N'Liên tỉnh miền Trung', 2, 60000, 'LS009'),
(N'Siêu tốc', N'Liên tỉnh miền Trung', 3, 72000, 'LS009'),
(N'Siêu tốc', N'Liên tỉnh miền Trung', 5, 90000, 'LS009'),
(N'Siêu tốc', N'Liên tỉnh miền Trung', 7, 108000, 'LS009'),
(N'Siêu tốc', N'Liên tỉnh miền Trung', 10, 130000, 'LS009'),
(N'Siêu tốc', N'Liên tỉnh miền Trung', 15, 156000, 'LS009'),
(N'Siêu tốc', N'Liên tỉnh miền Nam', 0.25, 22000, 'LS009'),
(N'Siêu tốc', N'Liên tỉnh miền Nam', 0.5, 44000, 'LS009'),
(N'Siêu tốc', N'Liên tỉnh miền Nam', 1, 52000, 'LS009'),
(N'Siêu tốc', N'Liên tỉnh miền Nam', 2, 64000, 'LS009'),
(N'Siêu tốc', N'Liên tỉnh miền Nam', 3, 76000, 'LS009'),
(N'Siêu tốc', N'Liên tỉnh miền Nam', 5, 96000, 'LS009'),
(N'Siêu tốc', N'Liên tỉnh miền Nam', 7, 116000, 'LS009'),
(N'Siêu tốc', N'Liên tỉnh miền Nam', 10, 140000, 'LS009'),
(N'Siêu tốc', N'Liên tỉnh miền Nam', 15, 170000, 'LS009');

